{
  "swagger" : "2.0",
  "info" : {
    "description" : "API de Geração de Link",
    "version" : "1.0.0",
    "title" : "[PortoPay] link de pagamento novo"
  },
  "host" : "4j9kixymp2.execute-api.ca-central-1.amazonaws.com",
  "basePath" : "/porto-pay-link-api",
  "schemes" : [ "https" ],
  "paths" : {
    "/v1/link/atualiza/{id}/status/{status}" : {
      "patch" : {
        "operationId" : "atualizaStatusDeLink",
        "produces" : [ "application/json" ],
        "parameters" : [ {
          "name" : "status",
          "in" : "path",
          "required" : true,
          "type" : "string"
        }, {
          "name" : "correlationId",
          "in" : "header",
          "required" : false,
          "type" : "string"
        }, {
          "name" : "id",
          "in" : "path",
          "required" : true,
          "type" : "string"
        } ],
        "responses" : {
          "200" : {
            "description" : "200 response",
            "schema" : {
              "$ref" : "#/definitions/UpdateLinkResponse"
            }
          },
          "400" : {
            "description" : "400 response",
            "schema" : {
              "$ref" : "#/definitions/ErrorResponse"
            }
          },
          "422" : {
            "description" : "422 response",
            "schema" : {
              "$ref" : "#/definitions/ErrorResponse"
            }
          },
          "500" : {
            "description" : "500 response",
            "schema" : {
              "$ref" : "#/definitions/ErrorResponse"
            }
          },
          "404" : {
            "description" : "404 response",
            "schema" : {
              "$ref" : "#/definitions/ErrorResponse"
            }
          },
          "405" : {
            "description" : "405 response",
            "schema" : {
              "$ref" : "#/definitions/ErrorResponse"
            }
          }
        },
        "x-amazon-apigateway-integration" : {
          "connectionId" : "${stageVariables.vpc_link}",
          "httpMethod" : "PATCH",
          "uri" : "http://${stageVariables.integration_dns}/porto-pay-link-api/v1/link/atualiza/{id}/status/{status}",
          "responses" : {
            "default" : {
              "statusCode" : "200"
            }
          },
          "requestParameters" : {
            "integration.request.header.correlationId" : "method.request.header.correlationId",
            "integration.request.path.id" : "method.request.path.id",
            "integration.request.path.status" : "method.request.path.status"
          },
          "passthroughBehavior" : "when_no_match",
          "connectionType" : "VPC_LINK",
          "type" : "http"
        }
      }
    },
    "/v1/link/busca" : {
      "get" : {
        "responses" : { },
        "x-amazon-apigateway-integration" : {
          "connectionId" : "${stageVariables.vpc_link}",
          "httpMethod" : "GET",
          "uri" : "http://${stageVariables.integration_dns}/porto-pay-link-api/v1/link/busca",
          "responses" : {
            "default" : {
              "statusCode" : "200"
            }
          },
          "passthroughBehavior" : "when_no_match",
          "connectionType" : "VPC_LINK",
          "type" : "http"
        }
      }
    },
    "/v1/link/busca/{id}" : {
      "get" : {
        "operationId" : "buscaLink",
        "produces" : [ "application/json" ],
        "parameters" : [ {
          "name" : "correlationId",
          "in" : "header",
          "required" : false,
          "type" : "string"
        }, {
          "name" : "status",
          "in" : "query",
          "required" : true,
          "type" : "string"
        }, {
          "name" : "id",
          "in" : "path",
          "required" : true,
          "type" : "string"
        } ],
        "responses" : {
          "200" : {
            "description" : "200 response",
            "schema" : {
              "$ref" : "#/definitions/GetLinkResponse"
            }
          },
          "400" : {
            "description" : "400 response",
            "schema" : {
              "$ref" : "#/definitions/ErrorResponse"
            }
          },
          "422" : {
            "description" : "422 response",
            "schema" : {
              "$ref" : "#/definitions/ErrorResponse"
            }
          },
          "500" : {
            "description" : "500 response",
            "schema" : {
              "$ref" : "#/definitions/ErrorResponse"
            }
          },
          "404" : {
            "description" : "404 response",
            "schema" : {
              "$ref" : "#/definitions/ErrorResponse"
            }
          },
          "405" : {
            "description" : "405 response",
            "schema" : {
              "$ref" : "#/definitions/ErrorResponse"
            }
          }
        },
        "x-amazon-apigateway-integration" : {
          "connectionId" : "${stageVariables.vpc_link}",
          "httpMethod" : "GET",
          "uri" : "http://${stageVariables.integration_dns}/porto-pay-link-api/v1/link/busca/{id}",
          "responses" : {
            "default" : {
              "statusCode" : "200"
            }
          },
          "requestParameters" : {
            "integration.request.header.correlationId" : "method.request.header.correlationId",
            "integration.request.querystring.status" : "method.request.querystring.status",
            "integration.request.path.id" : "method.request.path.id"
          },
          "passthroughBehavior" : "when_no_match",
          "connectionType" : "VPC_LINK",
          "type" : "http"
        }
      }
    },
    "/v1/link/gerar/troca-meio-pagamento" : {
      "post" : {
        "operationId" : "criarTrocaMeioPagamento",
        "consumes" : [ "application/json" ],
        "produces" : [ "application/json" ],
        "parameters" : [ {
          "name" : "correlationId",
          "in" : "header",
          "required" : false,
          "type" : "string"
        }, {
          "in" : "body",
          "name" : "TrocaDeMeioLinkRequest",
          "required" : true,
          "schema" : {
            "$ref" : "#/definitions/TrocaDeMeioLinkRequest"
          }
        } ],
        "responses" : {
          "200" : {
            "description" : "200 response",
            "schema" : {
              "$ref" : "#/definitions/CreateLinkResponse"
            }
          },
          "400" : {
            "description" : "400 response",
            "schema" : {
              "$ref" : "#/definitions/ErrorResponse"
            }
          },
          "422" : {
            "description" : "422 response",
            "schema" : {
              "$ref" : "#/definitions/ErrorResponse"
            }
          },
          "500" : {
            "description" : "500 response",
            "schema" : {
              "$ref" : "#/definitions/ErrorResponse"
            }
          },
          "404" : {
            "description" : "404 response",
            "schema" : {
              "$ref" : "#/definitions/ErrorResponse"
            }
          },
          "405" : {
            "description" : "405 response",
            "schema" : {
              "$ref" : "#/definitions/ErrorResponse"
            }
          }
        },
        "x-amazon-apigateway-integration" : {
          "connectionId" : "${stageVariables.vpc_link}",
          "httpMethod" : "POST",
          "uri" : "http://${stageVariables.integration_dns}/porto-pay-link-api/v1/link/gerar/troca-meio-pagamento",
          "responses" : {
            "default" : {
              "statusCode" : "200"
            }
          },
          "requestParameters" : {
            "integration.request.header.correlationId" : "method.request.header.correlationId"
          },
          "passthroughBehavior" : "when_no_match",
          "connectionType" : "VPC_LINK",
          "type" : "http"
        }
      }
    }
  },
  "definitions" : {
    "ProdutoResponse" : {
      "type" : "object",
      "properties" : {
        "codProduto" : {
          "type" : "string"
        },
        "nomeVertical" : {
          "type" : "string"
        },
        "nomeProduto" : {
          "type" : "string"
        },
        "icone" : {
          "type" : "string"
        },
        "planoPagamento" : {
          "type" : "array",
          "items" : {
            "$ref" : "#/definitions/PlanoPagamentoResponse"
          }
        },
        "contratos" : {
          "type" : "array",
          "items" : {
            "$ref" : "#/definitions/ContratoResponse"
          }
        }
      }
    },
    "DocumentoResponse" : {
      "type" : "object",
      "properties" : {
        "tipo" : {
          "type" : "string"
        },
        "numero" : {
          "type" : "string"
        }
      }
    },
    "PlanoPagamento" : {
      "type" : "object",
      "required" : [ "descricao", "parcelas", "valorTotalPlano" ],
      "properties" : {
        "parcelas" : {
          "type" : "integer",
          "format" : "int32"
        },
        "descricao" : {
          "type" : "string"
        },
        "valorTotalPlano" : {
          "type" : "number"
        }
      }
    },
    "CreateLinkResponse" : {
      "type" : "object",
      "properties" : {
        "urlLink" : {
          "type" : "string"
        },
        "status" : {
          "type" : "string"
        }
      }
    },
    "ErrorResponse" : {
      "type" : "object",
      "properties" : {
        "codigo" : {
          "type" : "string"
        },
        "grupo" : {
          "type" : "integer",
          "format" : "int32"
        },
        "mensagem" : {
          "type" : "string"
        },
        "titulo" : {
          "type" : "string"
        },
        "erros" : {
          "type" : "array",
          "items" : {
            "$ref" : "#/definitions/FieldErrorResponse"
          }
        }
      }
    },
    "GetLinkResponse" : {
      "type" : "object",
      "properties" : {
        "id" : {
          "type" : "string"
        },
        "venceEm" : {
          "type" : "string",
          "format" : "date"
        },
        "cliente" : {
          "$ref" : "#/definitions/ClienteResponse"
        },
        "produto" : {
          "$ref" : "#/definitions/ProdutoResponse"
        },
        "tipoTransacao" : {
          "type" : "string"
        },
        "tipoLink" : {
          "type" : "string",
          "enum" : [ "TROCA_MEIO_PAGAMENTO" ]
        }
      }
    },
    "UpdateLinkResponse" : {
      "type" : "object",
      "properties" : {
        "idLink" : {
          "type" : "string"
        },
        "status" : {
          "type" : "string"
        }
      }
    },
    "PlanoPagamentoResponse" : {
      "type" : "object",
      "required" : [ "descricao", "parcelas", "valorTotalPlano" ],
      "properties" : {
        "parcelas" : {
          "type" : "integer",
          "format" : "int32"
        },
        "descricao" : {
          "type" : "string"
        },
        "valorTotalPlano" : {
          "type" : "number"
        }
      }
    },
    "TrocaDeMeioLinkRequest" : {
      "type" : "object",
      "required" : [ "tipoTransacao", "venceEm" ],
      "properties" : {
        "venceEm" : {
          "type" : "string",
          "format" : "date",
          "description" : "Data de vencimento do link"
        },
        "cliente" : {
          "$ref" : "#/definitions/Cliente"
        },
        "produto" : {
          "$ref" : "#/definitions/Produto"
        },
        "tipoTransacao" : {
          "type" : "string"
        }
      }
    },
    "Contrato" : {
      "type" : "object",
      "required" : [ "idExterno", "valorContrato" ],
      "properties" : {
        "idExterno" : {
          "type" : "string"
        },
        "descricao" : {
          "type" : "string"
        },
        "valorContrato" : {
          "type" : "number"
        },
        "metadados" : {
          "type" : "object",
          "additionalProperties" : {
            "type" : "string"
          }
        }
      }
    },
    "ClienteResponse" : {
      "type" : "object",
      "properties" : {
        "nome" : {
          "type" : "string"
        },
        "email" : {
          "type" : "string"
        },
        "telefone" : {
          "type" : "string"
        },
        "documento" : {
          "$ref" : "#/definitions/DocumentoResponse"
        }
      }
    },
    "FieldErrorResponse" : {
      "type" : "object",
      "properties" : {
        "campo" : {
          "type" : "string"
        },
        "erro" : {
          "type" : "string"
        }
      }
    },
    "Documento" : {
      "type" : "object",
      "required" : [ "numero", "tipo" ],
      "properties" : {
        "tipo" : {
          "type" : "string"
        },
        "numero" : {
          "type" : "string"
        }
      }
    },
    "ContratoResponse" : {
      "type" : "object",
      "properties" : {
        "idExterno" : {
          "type" : "string"
        },
        "descricao" : {
          "type" : "string"
        },
        "valorContrato" : {
          "type" : "number"
        },
        "metadados" : {
          "type" : "object",
          "additionalProperties" : {
            "type" : "string"
          }
        }
      }
    },
    "Cliente" : {
      "type" : "object",
      "required" : [ "documento", "nome" ],
      "properties" : {
        "nome" : {
          "type" : "string"
        },
        "email" : {
          "type" : "string"
        },
        "telefone" : {
          "type" : "string"
        },
        "documento" : {
          "$ref" : "#/definitions/Documento"
        }
      }
    },
    "Produto" : {
      "type" : "object",
      "required" : [ "codProduto", "contratos", "planoPagamento" ],
      "properties" : {
        "codProduto" : {
          "type" : "string"
        },
        "nomeVertical" : {
          "type" : "string"
        },
        "nomeProduto" : {
          "type" : "string"
        },
        "icone" : {
          "type" : "string"
        },
        "planoPagamento" : {
          "type" : "array",
          "items" : {
            "$ref" : "#/definitions/PlanoPagamento"
          }
        },
        "contratos" : {
          "type" : "array",
          "items" : {
            "$ref" : "#/definitions/Contrato"
          }
        }
      }
    }
  }
}