{
  "swagger" : "2.0",
  "info" : {
    "description" : "Aplicação responsável por realizar o cadastro de produto.",
    "version" : "1.0.0",
    "title" : "[Meios de Pagamento] PortoPay Cadastro Produto API"
  },
  "host" : "jotmmb5bdk.execute-api.ca-central-1.amazonaws.com",
  "basePath" : "/porto-pay-cartoes-cadastro-produto",
  "schemes" : [ "https" ],
  "paths" : {
    "/cadastro-produtos" : {
      "get" : {
        "operationId" : "buscarTodosProdutosAtivoUsingGET",
        "produces" : [ "application/json" ],
        "responses" : {
          "200" : {
            "description" : "200 response",
            "schema" : {
              "$ref" : "#/definitions/ArrayOfProdutoResponse"
            }
          },
          "500" : {
            "description" : "500 response"
          }
        },
        "x-amazon-apigateway-integration" : {
          "connectionId" : "wwz3y2",
          "httpMethod" : "GET",
          "uri" : "http://NLB-K8S-CADASTRO-PRODUTO-7a13adb4436a7a40.elb.ca-central-1.amazonaws.com/porto-pay-cartoes-cadastro-produto/cadastro-produtos",
          "responses" : {
            "default" : {
              "statusCode" : "200"
            },
            "500" : {
              "statusCode" : "500"
            }
          },
          "passthroughBehavior" : "when_no_match",
          "connectionType" : "VPC_LINK",
          "type" : "http"
        }
      },
      "post" : {
        "operationId" : "cadastrarNovoProdutoUsingPOST",
        "consumes" : [ "application/json" ],
        "produces" : [ "application/json" ],
        "parameters" : [ {
          "in" : "body",
          "name" : "CriarProdutoRequest",
          "required" : true,
          "schema" : {
            "$ref" : "#/definitions/CriarProdutoRequest"
          }
        } ],
        "responses" : {
          "200" : {
            "description" : "200 response",
            "schema" : {
              "$ref" : "#/definitions/ProdutoResponse"
            }
          },
          "201" : {
            "description" : "201 response",
            "schema" : {
              "$ref" : "#/definitions/ProdutoResponse"
            }
          },
          "400" : {
            "description" : "400 response"
          },
          "500" : {
            "description" : "500 response"
          },
          "409" : {
            "description" : "409 response"
          }
        },
        "x-amazon-apigateway-integration" : {
          "connectionId" : "wwz3y2",
          "httpMethod" : "POST",
          "uri" : "http://NLB-K8S-CADASTRO-PRODUTO-7a13adb4436a7a40.elb.ca-central-1.amazonaws.com/porto-pay-cartoes-cadastro-produto/cadastro-produtos",
          "responses" : {
            "default" : {
              "statusCode" : "200"
            },
            "201" : {
              "statusCode" : "201"
            },
            "400" : {
              "statusCode" : "400"
            },
            "500" : {
              "statusCode" : "500"
            },
            "409" : {
              "statusCode" : "409"
            }
          },
          "passthroughBehavior" : "when_no_match",
          "connectionType" : "VPC_LINK",
          "type" : "http"
        }
      }
    },
    "/cadastro-produtos/{id}" : {
      "get" : {
        "operationId" : "buscarProdutoPorIdUsingGET",
        "produces" : [ "application/json" ],
        "parameters" : [ {
          "name" : "id",
          "in" : "path",
          "required" : true,
          "type" : "string"
        } ],
        "responses" : {
          "200" : {
            "description" : "200 response",
            "schema" : {
              "$ref" : "#/definitions/ProdutoResponse"
            }
          },
          "500" : {
            "description" : "500 response"
          },
          "404" : {
            "description" : "404 response"
          }
        },
        "x-amazon-apigateway-integration" : {
          "connectionId" : "wwz3y2",
          "httpMethod" : "GET",
          "uri" : "http://NLB-K8S-CADASTRO-PRODUTO-7a13adb4436a7a40.elb.ca-central-1.amazonaws.com/porto-pay-cartoes-cadastro-produto/cadastro-produtos/{id}",
          "responses" : {
            "default" : {
              "statusCode" : "200"
            },
            "500" : {
              "statusCode" : "500"
            },
            "404" : {
              "statusCode" : "404"
            }
          },
          "requestParameters" : {
            "integration.request.path.id" : "method.request.path.id"
          },
          "passthroughBehavior" : "when_no_match",
          "connectionType" : "VPC_LINK",
          "type" : "http"
        }
      },
      "put" : {
        "operationId" : "atualizarProdutoUsingPUT",
        "consumes" : [ "application/json" ],
        "produces" : [ "application/json" ],
        "parameters" : [ {
          "name" : "id",
          "in" : "path",
          "required" : true,
          "type" : "string"
        }, {
          "in" : "body",
          "name" : "AlterarProdutoRequest",
          "required" : true,
          "schema" : {
            "$ref" : "#/definitions/AlterarProdutoRequest"
          }
        } ],
        "responses" : {
          "200" : {
            "description" : "200 response",
            "schema" : {
              "$ref" : "#/definitions/ProdutoResponse"
            }
          },
          "400" : {
            "description" : "400 response"
          },
          "500" : {
            "description" : "500 response"
          },
          "404" : {
            "description" : "404 response"
          },
          "409" : {
            "description" : "409 response"
          }
        },
        "x-amazon-apigateway-integration" : {
          "connectionId" : "wwz3y2",
          "httpMethod" : "PUT",
          "uri" : "http://NLB-K8S-CADASTRO-PRODUTO-7a13adb4436a7a40.elb.ca-central-1.amazonaws.com/porto-pay-cartoes-cadastro-produto/cadastro-produtos/{id}",
          "responses" : {
            "default" : {
              "statusCode" : "200"
            },
            "400" : {
              "statusCode" : "400"
            },
            "500" : {
              "statusCode" : "500"
            },
            "404" : {
              "statusCode" : "404"
            },
            "409" : {
              "statusCode" : "409"
            }
          },
          "requestParameters" : {
            "integration.request.path.id" : "method.request.path.id"
          },
          "passthroughBehavior" : "when_no_match",
          "connectionType" : "VPC_LINK",
          "type" : "http"
        }
      },
      "patch" : {
        "operationId" : "desativarProdutoPorIdUsingPATCH",
        "produces" : [ "application/json" ],
        "parameters" : [ {
          "name" : "id",
          "in" : "path",
          "required" : true,
          "type" : "string"
        } ],
        "responses" : {
          "200" : {
            "description" : "200 response",
            "schema" : {
              "$ref" : "#/definitions/ProdutoResponse"
            }
          },
          "500" : {
            "description" : "500 response"
          },
          "404" : {
            "description" : "404 response"
          }
        },
        "x-amazon-apigateway-integration" : {
          "connectionId" : "wwz3y2",
          "httpMethod" : "PATCH",
          "uri" : "http://NLB-K8S-CADASTRO-PRODUTO-7a13adb4436a7a40.elb.ca-central-1.amazonaws.com/porto-pay-cartoes-cadastro-produto/cadastro-produtos/{id}",
          "responses" : {
            "default" : {
              "statusCode" : "200"
            },
            "500" : {
              "statusCode" : "500"
            },
            "404" : {
              "statusCode" : "404"
            }
          },
          "requestParameters" : {
            "integration.request.path.id" : "method.request.path.id"
          },
          "passthroughBehavior" : "when_no_match",
          "connectionType" : "VPC_LINK",
          "type" : "http"
        }
      }
    }
  },
  "definitions" : {
    "AlterarProdutoRequest" : {
      "type" : "object",
      "required" : [ "nomeProduto" ],
      "properties" : {
        "nomeProduto" : {
          "type" : "string",
          "description" : "Nome produto"
        }
      },
      "title" : "AlterarProdutoRequest"
    },
    "CriarProdutoRequest" : {
      "type" : "object",
      "required" : [ "id", "nomeProduto" ],
      "properties" : {
        "id" : {
          "type" : "string",
          "description" : "Id Produto"
        },
        "nomeProduto" : {
          "type" : "string",
          "description" : "Nome produto"
        }
      },
      "title" : "CriarProdutoRequest"
    },
    "ArrayOfProdutoResponse" : {
      "type" : "array",
      "items" : {
        "$ref" : "#/definitions/ProdutoResponse"
      }
    },
    "ProdutoResponse" : {
      "type" : "object",
      "properties" : {
        "ativo" : {
          "type" : "boolean",
          "description" : "Produto está ativo? "
        },
        "id" : {
          "type" : "string",
          "description" : "ID do produto"
        },
        "nomeProduto" : {
          "type" : "string",
          "description" : "Nome do produto"
        }
      },
      "title" : "ProdutoResponse"
    }
  }
}