{
  "swagger" : "2.0",
  "info" : {
    "description" : "Serviço responsável por receber a requisição do produto Porto Seguro enviando como corpo (body) da requisição as informações do produto, dados de pagamento e identificação do cliente.\n\nPosteriormente uma página será gerada contendo os detalhes do pagamento ficando ativa pelo tempo solicitado na requisição enviado pelo produto, sendo necessário preenchimento por parte do cliente com as informações do método de pagamento.\n\nO Acesso ao link poderá ser utilizado de diversas formas, como um página de popup, em um dispositivo móvel, pois ele é responsivo e se adapta a diversos tamanhos de tela.\n",
    "version" : "1.0.0",
    "title" : "[Meios de Pagamento] Link de Pagamento"
  },
  "host" : "zdgr1w1pki.execute-api.ca-central-1.amazonaws.com",
  "basePath" : "/api",
  "schemes" : [ "https" ],
  "paths" : {
    "/payments/link/decrypt" : {
      "post" : {
        "operationId" : "decryptLink",
        "consumes" : [ "application/json" ],
        "parameters" : [ {
          "in" : "body",
          "name" : "PaymentLinkDecryptRequest",
          "required" : true,
          "schema" : {
            "$ref" : "#/definitions/PaymentLinkDecryptRequest"
          }
        } ],
        "responses" : {
          "200" : {
            "description" : "200 response"
          },
          "422" : {
            "description" : "422 response"
          },
          "400" : {
            "description" : "400 response"
          },
          "500" : {
            "description" : "500 response"
          }
        },
        "x-amazon-apigateway-integration" : {
          "type" : "http",
          "connectionId" : "70taht",
          "httpMethod" : "POST",
          "uri" : "http://NLB-PCI-TST-fedcb51626b71ac7.elb.ca-central-1.amazonaws.com/porto-pag-payment-link-api/payments/link/decrypt",
          "responses" : {
            "default" : {
              "statusCode" : "200"
            }
          },
          "passthroughBehavior" : "when_no_match",
          "connectionType" : "VPC_LINK",
          "timeoutInMillis" : 29000
        }
      }
    },
    "/payments/link/decrypt/token" : {
      "post" : {
        "produces" : [ "application/json" ],
        "responses" : {
          "200" : {
            "description" : "200 response",
            "schema" : {
              "$ref" : "#/definitions/Empty"
            }
          }
        },
        "x-amazon-apigateway-integration" : {
          "type" : "http",
          "connectionId" : "70taht",
          "httpMethod" : "POST",
          "uri" : "http://NLB-PCI-TST-fedcb51626b71ac7.elb.ca-central-1.amazonaws.com/porto-pag-payment-link-api/payments/link/decrypt/token",
          "responses" : {
            "default" : {
              "statusCode" : "200"
            }
          },
          "passthroughBehavior" : "when_no_match",
          "connectionType" : "VPC_LINK"
        }
      }
    },
    "/payments/link/issue" : {
      "post" : {
        "operationId" : "generateLink_1",
        "consumes" : [ "application/json" ],
        "produces" : [ "application/json" ],
        "parameters" : [ {
          "in" : "body",
          "name" : "PaymentLinkRequest",
          "required" : true,
          "schema" : {
            "$ref" : "#/definitions/PaymentLinkRequest"
          }
        } ],
        "responses" : {
          "200" : {
            "description" : "200 response",
            "schema" : {
              "$ref" : "#/definitions/PaymentLinkResponse"
            }
          },
          "422" : {
            "description" : "422 response"
          },
          "400" : {
            "description" : "400 response"
          },
          "500" : {
            "description" : "500 response"
          }
        },
        "x-amazon-apigateway-integration" : {
          "type" : "http",
          "connectionId" : "70taht",
          "httpMethod" : "POST",
          "uri" : "http://NLB-PCI-TST-fedcb51626b71ac7.elb.ca-central-1.amazonaws.com/porto-pag-payment-link-api/payments/link/issue",
          "responses" : {
            "default" : {
              "statusCode" : "200"
            }
          },
          "passthroughBehavior" : "when_no_match",
          "connectionType" : "VPC_LINK",
          "timeoutInMillis" : 29000
        }
      }
    },
    "/payments/link/situation" : {
      "post" : {
        "operationId" : "isLinkPaid",
        "consumes" : [ "application/json" ],
        "produces" : [ "application/json" ],
        "parameters" : [ {
          "in" : "body",
          "name" : "CheckLinkSituationRequest",
          "required" : true,
          "schema" : {
            "$ref" : "#/definitions/CheckLinkSituationRequest"
          }
        } ],
        "responses" : {
          "200" : {
            "description" : "200 response",
            "schema" : {
              "$ref" : "#/definitions/CheckLinkSituationResponse"
            }
          },
          "422" : {
            "description" : "422 response"
          },
          "400" : {
            "description" : "400 response"
          },
          "500" : {
            "description" : "500 response"
          }
        },
        "x-amazon-apigateway-integration" : {
          "type" : "http",
          "connectionId" : "70taht",
          "httpMethod" : "POST",
          "uri" : "http://NLB-PCI-TST-fedcb51626b71ac7.elb.ca-central-1.amazonaws.com/porto-pag-payment-link-api/payments/link/situation",
          "responses" : {
            "default" : {
              "statusCode" : "200"
            }
          },
          "passthroughBehavior" : "when_no_match",
          "connectionType" : "VPC_LINK",
          "timeoutInMillis" : 29000
        }
      }
    },
    "/payments/link/token" : {
      "post" : {
        "produces" : [ "application/json" ],
        "responses" : {
          "200" : {
            "description" : "200 response",
            "schema" : {
              "$ref" : "#/definitions/Empty"
            }
          }
        },
        "x-amazon-apigateway-integration" : {
          "type" : "http",
          "connectionId" : "70taht",
          "httpMethod" : "POST",
          "uri" : "http://NLB-PCI-TST-fedcb51626b71ac7.elb.ca-central-1.amazonaws.com/porto-pag-payment-link-api/payments/link/token",
          "responses" : {
            "default" : {
              "statusCode" : "200"
            }
          },
          "passthroughBehavior" : "when_no_match",
          "connectionType" : "VPC_LINK"
        }
      }
    },
    "/payments/payable-pix/filter" : {
      "get" : {
        "parameters" : [ {
          "name" : "externalId",
          "in" : "query",
          "required" : false,
          "type" : "string"
        }, {
          "name" : "numeroPagina",
          "in" : "query",
          "required" : false,
          "type" : "string"
        }, {
          "name" : "recipientName",
          "in" : "query",
          "required" : false,
          "type" : "string"
        }, {
          "name" : "tamanhoPagina",
          "in" : "query",
          "required" : true,
          "type" : "string"
        }, {
          "name" : "transactionStatus",
          "in" : "query",
          "required" : false,
          "type" : "string"
        }, {
          "name" : "payerName",
          "in" : "query",
          "required" : false,
          "type" : "string"
        }, {
          "name" : "transactionCode",
          "in" : "query",
          "required" : false,
          "type" : "string"
        }, {
          "name" : "paymentDateStart",
          "in" : "query",
          "required" : false,
          "type" : "string"
        }, {
          "name" : "recipientDocument",
          "in" : "query",
          "required" : false,
          "type" : "string"
        }, {
          "name" : "recipientBank",
          "in" : "query",
          "required" : false,
          "type" : "string"
        }, {
          "name" : "paymentDateEnd",
          "in" : "query",
          "required" : false,
          "type" : "string"
        }, {
          "name" : "paymentDate",
          "in" : "query",
          "required" : false,
          "type" : "string"
        }, {
          "name" : "payerAgency",
          "in" : "query",
          "required" : false,
          "type" : "string"
        }, {
          "name" : "payerBank",
          "in" : "query",
          "required" : false,
          "type" : "string"
        }, {
          "name" : "amount",
          "in" : "query",
          "required" : false,
          "type" : "string"
        }, {
          "name" : "payerDocument",
          "in" : "query",
          "required" : false,
          "type" : "string"
        }, {
          "name" : "transactionVoucher",
          "in" : "query",
          "required" : false,
          "type" : "string"
        }, {
          "name" : "recipientAgency",
          "in" : "query",
          "required" : false,
          "type" : "string"
        } ],
        "responses" : {
          "200" : {
            "description" : "200 response"
          }
        },
        "x-amazon-apigateway-integration" : {
          "type" : "http",
          "connectionId" : "ztumil",
          "httpMethod" : "GET",
          "uri" : "http://NLB-PAYABLE-PIX-TST-e28b90d794d0c98c.elb.ca-central-1.amazonaws.com/porto-pag-payable-pix-monitoring/api/payments/payable-pix/filter",
          "responses" : {
            "default" : {
              "statusCode" : "200"
            }
          },
          "requestParameters" : {
            "integration.request.querystring.tamanhoPagina" : "method.request.querystring.tamanhoPagina",
            "integration.request.querystring.externalId" : "method.request.querystring.externalId",
            "integration.request.querystring.recipientAgency" : "method.request.querystring.recipientAgency",
            "integration.request.querystring.amount" : "method.request.querystring.amount",
            "integration.request.querystring.recipientBank" : "method.request.querystring.recipientBank",
            "integration.request.querystring.payerName" : "method.request.querystring.payerName",
            "integration.request.querystring.payerDocument" : "method.request.querystring.payerDocument",
            "integration.request.querystring.paymentDate" : "method.request.querystring.paymentDate",
            "integration.request.querystring.transactionCode" : "method.request.querystring.transactionCode",
            "integration.request.querystring.recipientName" : "method.request.querystring.recipientName",
            "integration.request.querystring.payerAgency" : "method.request.querystring.payerAgency",
            "integration.request.querystring.payerBank" : "method.request.querystring.payerBank",
            "integration.request.querystring.transactionStatus" : "method.request.querystring.transactionStatus",
            "integration.request.querystring.numeroPagina" : "method.request.querystring.numeroPagina",
            "integration.request.querystring.recipientDocument" : "method.request.querystring.recipientDocument",
            "integration.request.querystring.transactionVoucher" : "method.request.querystring.transactionVoucher"
          },
          "passthroughBehavior" : "when_no_match",
          "connectionType" : "VPC_LINK"
        }
      }
    },
    "/payments/payable-pix/paid" : {
      "get" : {
        "responses" : {
          "200" : {
            "description" : "200 response"
          }
        },
        "x-amazon-apigateway-integration" : {
          "type" : "http",
          "connectionId" : "ztumil",
          "httpMethod" : "GET",
          "uri" : "http://NLB-PAYABLE-PIX-TST-e28b90d794d0c98c.elb.ca-central-1.amazonaws.com/porto-pag-payable-pix-monitoring/api/payments/payable-pix/paid",
          "responses" : {
            "default" : {
              "statusCode" : "200"
            }
          },
          "passthroughBehavior" : "when_no_match",
          "connectionType" : "VPC_LINK",
          "timeoutInMillis" : 29000
        }
      }
    },
    "/payments/payable-pix/{id}" : {
      "get" : {
        "parameters" : [ {
          "name" : "id",
          "in" : "path",
          "required" : true,
          "type" : "string"
        } ],
        "responses" : {
          "200" : {
            "description" : "200 response"
          }
        },
        "x-amazon-apigateway-integration" : {
          "type" : "http",
          "connectionId" : "ztumil",
          "httpMethod" : "GET",
          "uri" : "http://NLB-PAYABLE-PIX-TST-e28b90d794d0c98c.elb.ca-central-1.amazonaws.com/porto-pag-payable-pix-monitoring/api/payments/payable-pix/{id}",
          "responses" : {
            "default" : {
              "statusCode" : "200"
            }
          },
          "requestParameters" : {
            "integration.request.path.id" : "method.request.path.id"
          },
          "passthroughBehavior" : "when_no_match",
          "connectionType" : "VPC_LINK",
          "timeoutInMillis" : 29000
        }
      }
    },
    "/payments/v2/link/issue" : {
      "post" : {
        "operationId" : "generateLink",
        "consumes" : [ "application/json" ],
        "produces" : [ "application/json" ],
        "parameters" : [ {
          "in" : "body",
          "name" : "PaymentLinkRequestV2",
          "required" : true,
          "schema" : {
            "$ref" : "#/definitions/PaymentLinkRequestV2"
          }
        } ],
        "responses" : {
          "200" : {
            "description" : "200 response",
            "schema" : {
              "$ref" : "#/definitions/PaymentLinkResponse"
            }
          },
          "422" : {
            "description" : "422 response"
          },
          "400" : {
            "description" : "400 response"
          },
          "500" : {
            "description" : "500 response"
          }
        },
        "x-amazon-apigateway-integration" : {
          "type" : "http",
          "connectionId" : "70taht",
          "httpMethod" : "POST",
          "uri" : "http://NLB-PCI-TST-fedcb51626b71ac7.elb.ca-central-1.amazonaws.com/porto-pag-payment-link-api/payments/v2/link/issue",
          "passthroughBehavior" : "when_no_match",
          "connectionType" : "VPC_LINK",
          "timeoutInMillis" : 29000
        }
      }
    }
  },
  "definitions" : {
    "CheckLinkSituationResponse" : {
      "type" : "object",
      "properties" : {
        "pago" : {
          "type" : "boolean",
          "description" : "`pago`= Campo informa se o link da solicitação de pagamento ou a parcela da troca de cartão já está pago ou não, com true ou false. "
        },
        "utilizado" : {
          "type" : "boolean",
          "description" : "`utilizado`= Campo informa se o link já foi utilizado ou não para troca de cartão, com true ou false."
        }
      }
    },
    "PaymentLinkDecryptRequest" : {
      "type" : "object",
      "required" : [ "data", "token" ],
      "properties" : {
        "data" : {
          "type" : "string",
          "description" : "`data` = Dados do link de pagamento."
        },
        "token" : {
          "type" : "string",
          "description" : "`token` = Token para validade do link."
        }
      },
      "description" : "Objeto de requisicão com detalhes para decriptar o link de pagamento"
    },
    "PaymentLinkRequest" : {
      "type" : "object",
      "required" : [ "SOLICITACAO_PAGAMENTO", "expiraEm", "idExterno", "metadados", "planoPagamento", "produto", "valorTotal" ],
      "properties" : {
        "idExterno" : {
          "type" : "string",
          "description" : "`idExterno` = ???"
        },
        "nome" : {
          "type" : "string",
          "description" : "`nome` = Nome do cliente que efetuará o pagamento"
        },
        "produto" : {
          "$ref" : "#/definitions/ProductRequest"
        },
        "documento" : {
          "$ref" : "#/definitions/DocumentRequest"
        },
        "expiraEm" : {
          "type" : "integer",
          "format" : "int32",
          "description" : "`expiraEm` = Tempo de validade em minutos do link a ser gerado."
        },
        "metadados" : {
          "type" : "object",
          "description" : "`metadados` = Dados enviados pelo produto que são repassados pelo financeiro no formato chave:valor",
          "additionalProperties" : {
            "type" : "string",
            "description" : "`metadados` = Dados enviados pelo produto que são repassados pelo financeiro no formato chave:valor"
          }
        },
        "valorTotal" : {
          "type" : "number",
          "description" : "`valorTotal` =  Valor total da cobranca"
        },
        "planoPagamento" : {
          "type" : "array",
          "description" : "`planoPagamento` = opcões de pagamento",
          "items" : {
            "$ref" : "#/definitions/PaymentPlanRequest"
          }
        },
        "SOLICITACAO_PAGAMENTO" : {
          "type" : "string",
          "description" : "`tipoLink` =  Tipo de Link Gerado",
          "enum" : [ "SOLICITACAO_PAGAMENTO", "TROCA_CARTAO", "REGISTRO_CARTAO", "HUB" ]
        },
        "CAPTURA" : {
          "type" : "string",
          "description" : "`tipoTransacao` =  Tipo de transação a ser gerada",
          "enum" : [ "CAPTURA", "RECORRENCIA", "RECORRENCIA_LOTE", "RECORRENCIA_ATUALIZAVEL", "RECORRENCIA_ABERTA" ]
        }
      },
      "description" : "Objeto de requisicão com detalhes para gerar link de pagamento"
    },
    "Empty" : {
      "type" : "object",
      "title" : "Empty Schema"
    },
    "DocumentRequest" : {
      "type" : "object",
      "properties" : {
        "tipo" : {
          "type" : "string",
          "description" : "`tipo` = espécie de documento adicionado."
        },
        "numero" : {
          "type" : "string",
          "description" : "`numero` = valor numerico do documento."
        }
      }
    },
    "ProductRequestV2" : {
      "type" : "object",
      "required" : [ "codigo", "descricao", "metadados", "planoPagamento", "valorTotal" ],
      "properties" : {
        "codigo" : {
          "type" : "string",
          "description" : "`Codigo` = Campo para conter código do produto portoseguro."
        },
        "descricao" : {
          "type" : "string",
          "description" : "`Descrição` = Texto com a descrição do produto."
        },
        "metadados" : {
          "type" : "object",
          "description" : "`metadados` = Dados enviados pelo produto que são repassados pelo financeiro no formato chave:valor",
          "additionalProperties" : {
            "type" : "string",
            "description" : "`metadados` = Dados enviados pelo produto que são repassados pelo financeiro no formato chave:valor"
          }
        },
        "valorTotal" : {
          "type" : "number",
          "description" : "`valorTotal` =  Valor total da cobranca"
        },
        "planoPagamento" : {
          "type" : "array",
          "description" : "`planoPagamento` = opcões de pagamento",
          "items" : {
            "$ref" : "#/definitions/PaymentPlanRequest"
          }
        }
      }
    },
    "PaymentPlanRequest" : {
      "type" : "object",
      "required" : [ "descricao", "parcelas", "valorTotal" ],
      "properties" : {
        "parcelas" : {
          "type" : "integer",
          "format" : "int32",
          "description" : "`parcelas` = Quantidade de parcelas"
        },
        "descricao" : {
          "type" : "string",
          "description" : "`descricao` = Descrição"
        },
        "valorTotal" : {
          "type" : "number",
          "description" : "`valorTotal` = Valor total"
        }
      },
      "description" : "`planoPagamento` = opcões de pagamento"
    },
    "CheckLinkSituationRequest" : {
      "type" : "object",
      "required" : [ "codProduto", "idExterno" ],
      "properties" : {
        "idExterno" : {
          "type" : "string",
          "description" : "`idExterno` = Identificador da ordem de pagamento."
        },
        "codProduto" : {
          "type" : "string",
          "description" : "`codProduto` = Código do produto."
        },
        "idLink" : {
          "type" : "string",
          "description" : "`idLink` = Identificador do link de pagamento."
        },
        "parcela" : {
          "type" : "integer",
          "format" : "int32",
          "description" : "`parcela` = Parcela a ser solicitada a troca de cartão."
        }
      },
      "description" : "Objeto para validar se o link de pagamento está pago."
    },
    "ProductRequest" : {
      "type" : "object",
      "required" : [ "codigo", "descricao" ],
      "properties" : {
        "codigo" : {
          "type" : "string",
          "description" : "`Codigo` = Campo para conter código do produto portoseguro."
        },
        "descricao" : {
          "type" : "string",
          "description" : "`Descrição` = Texto com a descrição do produto."
        }
      }
    },
    "PaymentLinkResponse" : {
      "type" : "object",
      "properties" : {
        "link" : {
          "type" : "string",
          "description" : "`link`= Campo contendo o link completo para acesso a página estática com os detalhes de pagamento. "
        }
      }
    },
    "PaymentLinkRequestV2" : {
      "type" : "object",
      "required" : [ "expiraEm", "idExterno", "produtos", "tipoLink" ],
      "properties" : {
        "idExterno" : {
          "type" : "string",
          "description" : "`idExterno` = ???"
        },
        "nome" : {
          "type" : "string",
          "description" : "`nome` = Nome do cliente que efetuará o pagamento"
        },
        "produtos" : {
          "type" : "array",
          "items" : {
            "$ref" : "#/definitions/ProductRequestV2"
          }
        },
        "documento" : {
          "$ref" : "#/definitions/DocumentRequest"
        },
        "expiraEm" : {
          "type" : "integer",
          "format" : "int32",
          "description" : "`expiraEm` = Tempo de validade em minutos do link a ser gerado."
        },
        "tipoLink" : {
          "type" : "string",
          "description" : "`tipoLink` =  Tipo de Link Gerado",
          "enum" : [ "SOLICITACAO_PAGAMENTO", "TROCA_CARTAO", "REGISTRO_CARTAO", "HUB" ]
        },
        "tipoTransacao" : {
          "type" : "string",
          "description" : "`tipoTransacao` =  Tipo de transação a ser gerada",
          "enum" : [ "CAPTURA", "RECORRENCIA", "RECORRENCIA_LOTE", "RECORRENCIA_ATUALIZAVEL", "RECORRENCIA_ABERTA" ]
        }
      },
      "description" : "Objeto de requisicão com detalhes para gerar link de pagamento"
    }
  }
}