{
  "swagger": "2.0",
  "info": {
    "description": "Serviço responsável por inserir, deletar, atualizar e disponibilizar parâmetros necessários para o funcionamento da régua de retentativa - link de pgto e cartão original",
    "version": "1.0.0",
    "title": "[Meios de Pagamento] Cadastro de Parâmetros de Régua de Retentativa"
  },
  "host": "internal-k8s-meiosdep-ingressm-64700d1053-943128772.ca-central-1.elb.amazonaws.com",
  "basePath": "/finance-payment-retry-parameter",
  "tags": [
    {
      "name": "Parâmetros de Bandeira",
      "description": "Parâmetros de Bandeira"
    },
    {
      "name": "Parâmetros de Envio de Link",
      "description": "Parâmetros de Envio de Link"
    }
  ],
  "paths": {
    "/meios-pagamento/financeiro/parametros/regua/v1/cartao": {
      "post": {
        "tags": [
          "Parâmetros de Bandeira"
        ],
        "summary": "Inserir parâmetros da régua de retentativa diária",
        "operationId": "insertDailyParamsUsingPOST",
        "consumes": [
          "application/json"
        ],
        "produces": [
          "application/json"
        ],
        "parameters": [
          {
            "in": "body",
            "name": "dailyParamResponse",
            "description": "dailyParamResponse",
            "required": true,
            "schema": {
              "$ref": "#/definitions/DailyParamResponse"
            }
          },
          {
            "name": "rest_correlationId",
            "in": "header",
            "description": "rest_correlationId",
            "required": true,
            "type": "string",
            "format": "byte"
          },
          {
            "name": "matricula",
            "in": "header",
            "required": true,
            "type": "string"
          }
        ],
        "responses": {
          "200": {
            "description": "200 response",
            "schema": {
              "$ref": "#/definitions/DailyParamResponse"
            }
          },
          "204": {
            "description": "204 response"
          },
          "401": {
            "description": "401 response"
          },
          "403": {
            "description": "403 response"
          },
          "404": {
            "description": "404 response",
            "schema": {
              "$ref": "#/definitions/Error"
            }
          },
          "500": {
            "description": "500 response",
            "schema": {
              "$ref": "#/definitions/Error"
            }
          }
        },
        "x-amazon-apigateway-integration": {
          "connectionId": "egpsjq",
          "httpMethod": "POST",
          "uri": "http://NLB-K8S-MEIOSDEPAGAMENTO-21be6b38d29342b1.elb.ca-central-1.amazonaws.com/finance-payment-retry-parameter/meios-pagamento/financeiro/parametros/regua/v1/cartao",
          "responses": {
            "204": {
              "statusCode": "204"
            },
            "404": {
              "statusCode": "404"
            },
            "500": {
              "statusCode": "500"
            },
            "default": {
              "statusCode": "200"
            }
          },
          "requestParameters": {
            "integration.request.header.matricula": "method.request.header.matricula"
          },
          "passthroughBehavior": "when_no_match",
          "connectionType": "VPC_LINK",
          "type": "http"
        }
      },
      "put": {
        "tags": [
          "Parâmetros de Bandeira"
        ],
        "summary": "Atualizar parâmetros da régua de retentativa diária",
        "operationId": "updateDailyParamsUsingPUT",
        "consumes": [
          "application/json"
        ],
        "produces": [
          "application/json"
        ],
        "parameters": [
          {
            "in": "body",
            "name": "dailyParamResponse",
            "description": "dailyParamResponse",
            "required": true,
            "schema": {
              "$ref": "#/definitions/DailyParamResponse"
            }
          },
          {
            "name": "rest_correlationId",
            "in": "header",
            "description": "rest_correlationId",
            "required": true,
            "type": "string",
            "format": "byte"
          },
          {
            "name": "matricula",
            "in": "header",
            "required": true,
            "type": "string"
          }
        ],
        "responses": {
          "200": {
            "description": "200 response",
            "schema": {
              "$ref": "#/definitions/DailyParamResponse"
            }
          },
          "204": {
            "description": "204 response"
          },
          "401": {
            "description": "401 response"
          },
          "403": {
            "description": "403 response"
          },
          "404": {
            "description": "404 response",
            "schema": {
              "$ref": "#/definitions/Error"
            }
          },
          "500": {
            "description": "500 response",
            "schema": {
              "$ref": "#/definitions/Error"
            }
          }
        },
        "x-amazon-apigateway-integration": {
          "connectionId": "egpsjq",
          "httpMethod": "PUT",
          "uri": "http://NLB-K8S-MEIOSDEPAGAMENTO-21be6b38d29342b1.elb.ca-central-1.amazonaws.com/finance-payment-retry-parameter/meios-pagamento/financeiro/parametros/regua/v1/cartao",
          "responses": {
            "204": {
              "statusCode": "204"
            },
            "404": {
              "statusCode": "404"
            },
            "500": {
              "statusCode": "500"
            },
            "default": {
              "statusCode": "200"
            }
          },
          "requestParameters": {
            "integration.request.header.matricula": "method.request.header.matricula"
          },
          "passthroughBehavior": "when_no_match",
          "connectionType": "VPC_LINK",
          "type": "http"
        }
      },
      "get": {
        "tags": [
          "Parâmetros de Bandeira"
        ],
        "summary": "Solicita todos os parâmetros da régua de retentativa diária",
        "description": "Buscar todos os parâmetros",
        "operationId": "getAllDailyParamsUsingGET",
        "produces": [
          "application/json"
        ],
        "parameters": [
          {
            "in": "body",
            "name": "dailyParamResponse",
            "description": "dailyParamResponse",
            "required": true,
            "schema": {
              "$ref": "#/definitions/DailyParamResponse"
            }
          },
          {
            "name": "rest_correlationId",
            "in": "header",
            "description": "rest_correlationId",
            "required": true,
            "type": "string",
            "format": "byte"
          },
          {
            "name": "matricula",
            "in": "header",
            "required": true,
            "type": "string"
          }
        ],
        "responses": {
          "200": {
            "description": "200 response",
            "schema": {
              "$ref": "#/definitions/ArrayOfDailyParamResponse"
            }
          },
          "204": {
            "description": "204 response"
          },
          "401": {
            "description": "401 response"
          },
          "403": {
            "description": "403 response"
          },
          "404": {
            "description": "404 response",
            "schema": {
              "$ref": "#/definitions/Error"
            }
          },
          "500": {
            "description": "500 response",
            "schema": {
              "$ref": "#/definitions/Error"
            }
          }
        },
        "x-amazon-apigateway-integration": {
          "connectionId": "egpsjq",
          "httpMethod": "GET",
          "uri": "http://NLB-K8S-MEIOSDEPAGAMENTO-21be6b38d29342b1.elb.ca-central-1.amazonaws.com/finance-payment-retry-parameter/meios-pagamento/financeiro/parametros/regua/v1/cartao",
          "responses": {
            "204": {
              "statusCode": "204"
            },
            "404": {
              "statusCode": "404"
            },
            "500": {
              "statusCode": "500"
            },
            "default": {
              "statusCode": "200"
            }
          },
          "requestParameters": {
            "integration.request.header.matricula": "method.request.header.matricula"
          },
          "passthroughBehavior": "when_no_match",
          "connectionType": "VPC_LINK",
          "type": "http"
        }
      }
    },
    "/meios-pagamento/financeiro/parametros/regua/v1/cartao/{idCartao}": {
      "get": {
        "tags": [
          "Parâmetros de Bandeira"
        ],
        "summary": "Solicita parâmetros da régua de retentativa diária",
        "description": "Buscar parâmetros por id da bandeira do cartão",
        "operationId": "getDailyParamsUsingGET",
        "produces": [
          "application/json"
        ],
        "parameters": [
          {
            "name": "idCartao",
            "in": "path",
            "description": "idCartao",
            "required": true,
            "type": "string"
          },
          {
            "name": "rest_correlationId",
            "in": "header",
            "description": "rest_correlationId",
            "required": true,
            "type": "string",
            "format": "byte"
          },
          {
            "name": "matricula",
            "in": "header",
            "required": true,
            "type": "string"
          }
        ],
        "responses": {
          "200": {
            "description": "200 response",
            "schema": {
              "$ref": "#/definitions/DailyParamResponse"
            }
          },
          "204": {
            "description": "204 response"
          },
          "401": {
            "description": "401 response"
          },
          "403": {
            "description": "403 response"
          },
          "404": {
            "description": "404 response",
            "schema": {
              "$ref": "#/definitions/Error"
            }
          },
          "500": {
            "description": "500 response",
            "schema": {
              "$ref": "#/definitions/Error"
            }
          }
        },
        "x-amazon-apigateway-integration": {
          "connectionId": "egpsjq",
          "httpMethod": "GET",
          "uri": "http://NLB-K8S-MEIOSDEPAGAMENTO-21be6b38d29342b1.elb.ca-central-1.amazonaws.com/finance-payment-retry-parameter/meios-pagamento/financeiro/parametros/regua/v1/cartao/{idCartao}",
          "responses": {
            "204": {
              "statusCode": "204"
            },
            "404": {
              "statusCode": "404"
            },
            "500": {
              "statusCode": "500"
            },
            "default": {
              "statusCode": "200"
            }
          },
          "requestParameters": {
            "integration.request.header.matricula": "method.request.header.matricula"
          },
          "integration.request.path.idCartao": "method.request.path.idCartao",
          "passthroughBehavior": "when_no_match",
          "connectionType": "VPC_LINK",
          "type": "http"
        }
      },
      "delete": {
        "tags": [
          "Parâmetros de Bandeira"
        ],
        "summary": "Deletar parâmetros da régua de retentativa diária",
        "description": "Deleção por id da bandeira do cartão",
        "operationId": "deleteDailyParamsUsingDELETE",
        "produces": [
          "application/json"
        ],
        "parameters": [
          {
            "name": "idCartao",
            "in": "path",
            "description": "idCartao",
            "required": true,
            "type": "string"
          },
          {
            "name": "rest_correlationId",
            "in": "header",
            "description": "rest_correlationId",
            "required": true,
            "type": "string",
            "format": "byte"
          },
          {
            "name": "matricula",
            "in": "header",
            "required": true,
            "type": "string"
          }
        ],
        "responses": {
          "200": {
            "description": "OK",
            "schema": {
              "type": "object"
            }
          },
          "204": {
            "description": "204 response"
          },
          "401": {
            "description": "401 response"
          },
          "403": {
            "description": "403 response"
          },
          "404": {
            "description": "404 response",
            "schema": {
              "$ref": "#/definitions/Error"
            }
          },
          "500": {
            "description": "500 response",
            "schema": {
              "$ref": "#/definitions/Error"
            }
          }
        },
        "x-amazon-apigateway-integration": {
          "connectionId": "egpsjq",
          "httpMethod": "DELETE",
          "uri": "http://NLB-K8S-MEIOSDEPAGAMENTO-21be6b38d29342b1.elb.ca-central-1.amazonaws.com/finance-payment-retry-parameter/meios-pagamento/financeiro/parametros/regua/v1/cartao/{idCartao}",
          "responses": {
            "204": {
              "statusCode": "204"
            },
            "404": {
              "statusCode": "404"
            },
            "500": {
              "statusCode": "500"
            },
            "default": {
              "statusCode": "200"
            }
          },
          "requestParameters": {
            "integration.request.header.matricula": "method.request.header.matricula"
          },
          "integration.request.path.idCartao": "method.request.path.idCartao",
          "passthroughBehavior": "when_no_match",
          "connectionType": "VPC_LINK",
          "type": "http"
        }
      }
    },
    "/meios-pagamento/financeiro/parametros/regua/v1/link": {
      "post": {
        "tags": [
          "Parâmetros de Envio de Link"
        ],
        "summary": "Inserir parâmetros da régua de retentativa",
        "operationId": "insertParameterUsingPOST",
        "consumes": [
          "application/json"
        ],
        "produces": [
          "application/json"
        ],
        "parameters": [
          {
            "name": "rest_correlationId",
            "in": "header",
            "description": "rest_correlationId",
            "required": true,
            "type": "string",
            "format": "byte"
          },
          {
            "in": "body",
            "name": "retryParamRequestDetails",
            "description": "retryParamRequestDetails",
            "required": true,
            "schema": {
              "$ref": "#/definitions/RetryParamRequestDetails"
            }
          },
          {
            "name": "matricula",
            "in": "header",
            "required": true,
            "type": "string"
          }
        ],
        "responses": {
          "200": {
            "description": "200 response",
            "schema": {
              "$ref": "#/definitions/RetryParamResponseDetails"
            }
          },
          "204": {
            "description": "204 response"
          },
          "401": {
            "description": "401 response"
          },
          "403": {
            "description": "403 response"
          },
          "404": {
            "description": "404 response",
            "schema": {
              "$ref": "#/definitions/Error"
            }
          },
          "500": {
            "description": "500 response",
            "schema": {
              "$ref": "#/definitions/Error"
            }
          }
        },
        "x-amazon-apigateway-integration": {
          "connectionId": "egpsjq",
          "httpMethod": "POST",
          "uri": "http://NLB-K8S-MEIOSDEPAGAMENTO-21be6b38d29342b1.elb.ca-central-1.amazonaws.com/finance-payment-retry-parameter/meios-pagamento/financeiro/parametros/regua/v1/link",
          "responses": {
            "204": {
              "statusCode": "204"
            },
            "404": {
              "statusCode": "404"
            },
            "500": {
              "statusCode": "500"
            },
            "default": {
              "statusCode": "200"
            }
          },
          "requestParameters": {
            "integration.request.header.matricula": "method.request.header.matricula"
          },
          "passthroughBehavior": "when_no_match",
          "connectionType": "VPC_LINK",
          "type": "http"
        }
      },
      "put": {
        "tags": [
          "Parâmetros de Envio de Link"
        ],
        "summary": "Atualizar parâmetros da régua de retentativa",
        "operationId": "updateParameterUsingPUT",
        "consumes": [
          "application/json"
        ],
        "produces": [
          "application/json"
        ],
        "parameters": [
          {
            "name": "rest_correlationId",
            "in": "header",
            "description": "rest_correlationId",
            "required": true,
            "type": "string",
            "format": "byte"
          },
          {
            "in": "body",
            "name": "retryParamRequestDetails",
            "description": "retryParamRequestDetails",
            "required": true,
            "schema": {
              "$ref": "#/definitions/RetryParamRequestDetails"
            }
          },
          {
            "name": "matricula",
            "in": "header",
            "required": true,
            "type": "string"
          }
        ],
        "responses": {
          "200": {
            "description": "200 response",
            "schema": {
              "$ref": "#/definitions/RetryParamResponseDetails"
            }
          },
          "204": {
            "description": "204 response"
          },
          "401": {
            "description": "401 response"
          },
          "403": {
            "description": "403 response"
          },
          "404": {
            "description": "404 response",
            "schema": {
              "$ref": "#/definitions/Error"
            }
          },
          "500": {
            "description": "500 response",
            "schema": {
              "$ref": "#/definitions/Error"
            }
          }
        },
        "x-amazon-apigateway-integration": {
          "connectionId": "egpsjq",
          "httpMethod": "PUT",
          "uri": "http://NLB-K8S-MEIOSDEPAGAMENTO-21be6b38d29342b1.elb.ca-central-1.amazonaws.com/finance-payment-retry-parameter/meios-pagamento/financeiro/parametros/regua/v1/link",
          "responses": {
            "204": {
              "statusCode": "204"
            },
            "404": {
              "statusCode": "404"
            },
            "500": {
              "statusCode": "500"
            },
            "default": {
              "statusCode": "200"
            }
          },
          "requestParameters": {
            "integration.request.header.matricula": "method.request.header.matricula"
          },
          "passthroughBehavior": "when_no_match",
          "connectionType": "VPC_LINK",
          "type": "http"
        }
      }
    },
    "/meios-pagamento/financeiro/parametros/regua/v1/link/{idProduto}": {
      "get": {
        "tags": [
          "Parâmetros de Envio de Link"
        ],
        "summary": "Solicitar parâmetros da régua de retentativa",
        "description": "Buscar parâmetros por id do produto",
        "operationId": "getParameterUsingGET",
        "produces": [
          "application/json"
        ],
        "parameters": [
          {
            "name": "categoria",
            "in": "query",
            "description": "categoria",
            "required": false,
            "type": "string"
          },
          {
            "name": "idProduto",
            "in": "path",
            "description": "idProduto",
            "required": true,
            "type": "string"
          },
          {
            "name": "rest_correlationId",
            "in": "header",
            "description": "rest_correlationId",
            "required": true,
            "type": "string",
            "format": "byte"
          },
          {
            "name": "subProduto",
            "in": "query",
            "description": "subProduto",
            "required": false,
            "type": "string"
          },
          {
            "name": "matricula",
            "in": "header",
            "required": true,
            "type": "string"
          }
        ],
        "responses": {
          "200": {
            "description": "200 response",
            "schema": {
              "$ref": "#/definitions/RetryParamResponseDetails"
            }
          },
          "204": {
            "description": "204 response"
          },
          "401": {
            "description": "401 response"
          },
          "403": {
            "description": "403 response"
          },
          "404": {
            "description": "404 response",
            "schema": {
              "$ref": "#/definitions/Error"
            }
          },
          "500": {
            "description": "500 response",
            "schema": {
              "$ref": "#/definitions/Error"
            }
          }
        },
        "x-amazon-apigateway-integration": {
          "connectionId": "egpsjq",
          "httpMethod": "GET",
          "uri": "http://NLB-K8S-MEIOSDEPAGAMENTO-21be6b38d29342b1.elb.ca-central-1.amazonaws.com/finance-payment-retry-parameter/meios-pagamento/financeiro/parametros/regua/v1/link/{idProduto}",
          "responses": {
            "204": {
              "statusCode": "204"
            },
            "404": {
              "statusCode": "404"
            },
            "500": {
              "statusCode": "500"
            },
            "default": {
              "statusCode": "200"
            }
          },
          "requestParameters": {
            "integration.request.header.matricula": "method.request.header.matricula",
            "integration.request.path.idProduto": "method.request.path.idProduto",
            "integration.request.query.subProduto": "method.request.query.subProduto",
            "integration.request.query.categoria": "method.request.query.categoria"
          },
          "passthroughBehavior": "when_no_match",
          "connectionType": "VPC_LINK",
          "type": "http"
        }
      },
      "delete": {
        "tags": [
          "Parâmetros de Envio de Link"
        ],
        "summary": "Deletar parâmetros da régua de retentativa",
        "description": "Deleção por id do produto",
        "operationId": "deleteParameterUsingDELETE",
        "produces": [
          "application/json"
        ],
        "parameters": [
          {
            "name": "categoria",
            "in": "query",
            "description": "categoria",
            "required": false,
            "type": "string"
          },
          {
            "name": "idProduto",
            "in": "path",
            "description": "idProduto",
            "required": true,
            "type": "string"
          },
          {
            "name": "rest_correlationId",
            "in": "header",
            "description": "rest_correlationId",
            "required": true,
            "type": "string",
            "format": "byte"
          },
          {
            "name": "subProduto",
            "in": "query",
            "description": "subProduto",
            "required": false,
            "type": "string"
          },
          {
            "name": "matricula",
            "in": "header",
            "required": true,
            "type": "string"
          }
        ],
        "responses": {
          "200": {
            "description": "200 response"
          },
          "204": {
            "description": "204 response"
          },
          "401": {
            "description": "401 response"
          },
          "403": {
            "description": "403 response"
          },
          "404": {
            "description": "404 response",
            "schema": {
              "$ref": "#/definitions/Error"
            }
          },
          "500": {
            "description": "500 response",
            "schema": {
              "$ref": "#/definitions/Error"
            }
          }
        },
        "x-amazon-apigateway-integration": {
          "connectionId": "egpsjq",
          "httpMethod": "DELETE",
          "uri": "http://NLB-K8S-MEIOSDEPAGAMENTO-21be6b38d29342b1.elb.ca-central-1.amazonaws.com/finance-payment-retry-parameter/meios-pagamento/financeiro/parametros/regua/v1/link/{idProduto}",
          "responses": {
            "204": {
              "statusCode": "204"
            },
            "404": {
              "statusCode": "404"
            },
            "500": {
              "statusCode": "500"
            },
            "default": {
              "statusCode": "200"
            }
          },
          "requestParameters": {
            "integration.request.header.matricula": "method.request.header.matricula",
            "integration.request.path.idProduto": "method.request.path.idProduto",
            "integration.request.query.subProduto": "method.request.query.subProduto",
            "integration.request.query.categoria": "method.request.query.categoria"
          },
          "passthroughBehavior": "when_no_match",
          "connectionType": "VPC_LINK",
          "type": "http"
        }
      }
    }
  },
  "definitions": {
    "ArrayOfDailyParamResponse": {
      "type": "array",
      "items": {
        "$ref": "#/definitions/DailyParamResponse"
      }
    },
    "DailyParamResponse": {
      "type": "object",
      "properties": {
        "bandeira": {
          "type": "string",
          "example": "ELO",
          "description": "Nome da bandeira do cartão"
        },
        "idCartao": {
          "type": "integer",
          "format": "int32",
          "example": 6,
          "description": "Identificador da bandeira do cartão"
        },
        "maximoCobrancas": {
          "type": "integer",
          "format": "int32",
          "example": 10,
          "description": "Número máximo de cobranças no cartão permitido"
        },
        "periodo": {
          "type": "string",
          "example": 24,
          "description": "Intervalo de cobranças permitido no cartão representado em horas"
        }
      },
      "title": "DailyParamResponse"
    },
    "RetryParamRequestDetails": {
      "type": "object",
      "properties": {
        "categoria": {
          "type": "string",
          "example": 1,
          "description": "Identificador da categoria"
        },
        "cobrarPrimeiraParcela": {
          "type": "boolean",
          "example": true,
          "description": "Permitir cobrança na primeira parcela da transação"
        },
        "erpProduto": {
          "type": "string",
          "example": "SAP",
          "description": "Identificar o ERP do produto"
        },
        "idProduto": {
          "type": "string",
          "example": "01",
          "description": "Identificador do produto"
        },
        "maximoCobrancas": {
          "type": "string",
          "example": 10,
          "description": "Número máximo de cobranças no cartão permitido"
        },
        "periodoCobranca": {
          "type": "string",
          "example": 24,
          "description": "Intervalo de cobranças permitido para envio do link, em horas"
        },
        "segundaOpcaoPagamento": {
          "type": "string",
          "example": "BOLETO",
          "description": "Segunda opção de pagamento para a transação"
        },
        "subProduto": {
          "type": "string",
          "example": "005",
          "description": "Identificador do sub produto"
        },
        "tempoExpiracaoTrocaMeio": {
          "type": "integer",
          "format": "int32",
          "example": 36,
          "description": "Tempo de expiração de meio de pagamento alternativo PIX, em horas"
        },
        "trocarMeioPagamento": {
          "type": "boolean",
          "example": true,
          "description": "Permitir a troca de meio de pagamento da transação"
        }
      },
      "title": "RetryParamRequestDetails"
    },
    "RetryParamResponseDetails": {
      "type": "object",
      "properties": {
        "categoria": {
          "type": "string"
        },
        "cobrancaPrimeiraParcela": {
          "type": "boolean"
        },
        "erpProduto": {
          "type": "string"
        },
        "idProduto": {
          "type": "string"
        },
        "maximoCobrancas": {
          "type": "string"
        },
        "periodoCobranca": {
          "type": "string"
        },
        "segundaOpcaoPagamento": {
          "type": "string"
        },
        "subProduto": {
          "type": "string"
        },
        "tempoExpiracaoTrocaMeio": {
          "type": "string"
        },
        "trocarMeioPagamento": {
          "type": "boolean"
        }
      },
      "title": "RetryParamResponseDetails"
    },
    "Error": {
      "type": "object",
      "properties": {
        "message": {
          "type": "string"
        }
      },
      "title": "Error Schema"
    }
  }
}