{
  "swagger": "2.0",
  "info": {
    "description": "Pix pagamento",
    "version": "1.0.0",
    "title": "[PortoPay] Pix Pagar Consulta"
  },
  "host": "p32bu4wdg7.execute-api.ca-central-1.amazonaws.com",
  "basePath": "/porto-pay-payable-pix-persistence",
  "schemes": ["https"],
  "paths": {
    "/portopay/meiosdepagamento/pixpagar/filtrar": {
      "get": {
        "operationId": "buscarComFiltro",
        "produces": ["application/json"],
        "parameters": [
          {
            "name": "inicioDataPagamento",
            "in": "query",
            "required": false,
            "type": "string"
          },
          {
            "name": "fimDataPagamento",
            "in": "query",
            "required": false,
            "type": "string"
          },
          {
            "name": "idExterno",
            "in": "query",
            "required": false,
            "type": "string"
          },
          {
            "name": "statusTransacao",
            "in": "query",
            "required": false,
            "type": "string"
          },
          {
            "name": "quantia",
            "in": "query",
            "required": false,
            "type": "string"
          },
          {
            "name": "comprovanteTransacao",
            "in": "query",
            "required": false,
            "type": "string"
          },
          {
            "name": "codigoTransacao",
            "in": "query",
            "required": false,
            "type": "string"
          },
          {
            "name": "bancoPagador",
            "in": "query",
            "required": false,
            "type": "string"
          },
          {
            "name": "agenciaPagadora",
            "in": "query",
            "required": false,
            "type": "string"
          },
          {
            "name": "documentoPagador",
            "in": "query",
            "required": false,
            "type": "string"
          },
          {
            "name": "nomePagador",
            "in": "query",
            "required": false,
            "type": "string"
          },
          {
            "name": "bancoRecebedor",
            "in": "query",
            "required": false,
            "type": "string"
          },
          {
            "name": "numeroPagina",
            "in": "query",
            "required": false,
            "type": "string"
          },
          {
            "name": "tamanhoPagina",
            "in": "query",
            "required": false,
            "type": "string"
          },
          {
            "name": "documentoRecebedor",
            "in": "query",
            "required": false,
            "type": "string"
          }
        ],
        "responses": {
          "200": {
            "description": "200 response",
            "schema": {
              "$ref": "#/definitions/DetalhesPixPagarResponse"
            }
          },
          "204": {
            "description": "204 response"
          },
          "400": {
            "description": "400 response"
          },
          "422": {
            "description": "422 response"
          },
          "500": {
            "description": "500 response"
          }
        },
        "x-amazon-apigateway-integration": {
          "connectionId": "faztva",
          "httpMethod": "GET",
          "uri": "http://NLB-K8S-PIX-PERSISTENCE-7ed54355b7db56d8.elb.ca-central-1.amazonaws.com/porto-pay-payable-pix-persistence/portopay/meiosdepagamento/pixpagar/filtrar",
          "responses": {
            "204": {
              "statusCode": "204"
            },
            "400": {
              "statusCode": "400"
            },
            "422": {
              "statusCode": "422"
            },
            "500": {
              "statusCode": "500"
            },
            "default": {
              "statusCode": "200"
            }
          },
          "requestParameters": {
            "integration.request.querystring.fimDataPagamento": "method.request.querystring.fimDataPagamento",
            "integration.request.querystring.inicioDataPagamento": "method.request.querystring.inicioDataPagamento",
            "integration.request.querystring.idExterno": "method.request.querystring.idExterno",
            "integration.request.querystring.statusTransacao": "method.request.querystring.statusTransacao",
            "integration.request.querystring.quantia": "method.request.querystring.quantia",
            "integration.request.querystring.comprovanteTransacao": "method.request.querystring.comprovanteTransacao",
            "integration.request.querystring.codigoTransacao": "method.request.querystring.codigoTransacao",
            "integration.request.querystring.bancoPagador": "method.request.querystring.bancoPagador",
            "integration.request.querystring.agenciaPagadora": "method.request.querystring.agenciaPagadora",
            "integration.request.querystring.documentoPagador": "method.request.querystring.documentoPagador",
            "integration.request.querystring.documentoRecebedor": "method.request.querystring.documentoRecebedor",
            "integration.request.querystring.nomePagador": "method.request.querystring.nomePagador",
            "integration.request.querystring.bancoRecebedor": "method.request.querystring.bancoRecebedor",
            "integration.request.querystring.numeroPagina": "method.request.querystring.numeroPagina",
            "integration.request.querystring.tamanhoPagina": "method.request.querystring.tamanhoPagina"
          },
          "passthroughBehavior": "when_no_match",
          "connectionType": "VPC_LINK",
          "type": "http"
        }
      }
    },
    "/portopay/meiosdepagamento/pixpagar/{id}": {
      "get": {
        "operationId": "buscarPixPorId",
        "produces": ["application/json"],
        "parameters": [
          {
            "name": "id",
            "in": "path",
            "required": true,
            "type": "string"
          }
        ],
        "responses": {
          "200": {
            "description": "OK",
            "schema": {
              "$ref": "#/definitions/PixPagarResponse"
            }
          },
          "204": {
            "description": "204 response"
          },
          "400": {
            "description": "Bad Request",
            "schema": {
              "type": "array",
              "items": {
                "$ref": "#/definitions/RequestErro"
              }
            }
          },
          "422": {
            "description": "422 response"
          },
          "500": {
            "description": "500 response"
          }
        },
        "x-amazon-apigateway-integration": {
          "connectionId": "faztva",
          "httpMethod": "GET",
          "uri": "http://NLB-K8S-PIX-PERSISTENCE-7ed54355b7db56d8.elb.ca-central-1.amazonaws.com/porto-pay-payable-pix-persistence/portopay/meiosdepagamento/pixpagar/{id}",
          "responses": {
            "204": {
              "statusCode": "204"
            },
            "400": {
              "statusCode": "400"
            },
            "422": {
              "statusCode": "422"
            },
            "500": {
              "statusCode": "500"
            },
            "default": {
              "statusCode": "200"
            }
          },
          "requestParameters": {
            "integration.request.path.id": "method.request.path.id"
          },
          "passthroughBehavior" : "when_no_match",
          "connectionType" : "VPC_LINK",
          "type" : "http"
        }
      }
    }
  },
  "definitions": {
    "PixPagoResponse": {
      "type": "object",
      "properties": {
        "valorTotalPagoHoje": {
          "type": "number",
          "description": "`valorTotalPagoHoje` = Valor Total Pago Hoje"
        },
        "quantidadePagoHoje": {
          "type": "integer",
          "format": "int32",
          "description": "`quantidadePagoHoje` = Quantidade Pago Hoje"
        },
        "bancosPagos": {
          "type": "array",
          "items": {
            "$ref": "#/definitions/PixPagoBancoResponse"
          }
        }
      }
    },
    "PixPagoBancoResponse": {
      "type": "object",
      "properties": {
        "banco": {
          "type": "string",
          "description": "`banco` = Banco"
        },
        "valorTotal": {
          "type": "number",
          "description": "`valorTotal` = Valor Total"
        },
        "quantidade": {
          "type": "integer",
          "format": "int32",
          "description": "`quantidade` = Quantidade"
        }
      }
    },
    "DetalhesPixPagarResponse": {
      "type": "object",
      "properties": {
        "totalRegistros": {
          "type": "integer",
          "format": "int64"
        },
        "pixDocumentList": {
          "type": "array",
          "items": {
            "$ref": "#/definitions/ListaPixPagarResponse"
          }
        },
        "pagamentos": {
          "$ref": "#/definitions/PixPagoResponse"
        },
        "filtros": {
          "type": "object",
          "additionalProperties": {
            "type": "string"
          }
        }
      }
    },
    "ListaPixPagarResponse": {
      "type": "object",
      "properties": {
        "id": {
          "type": "string",
          "description": "`id` = Id Transação"
        },
        "codigoExterno": {
          "type": "string",
          "description": "`codigoExterno` = Código Externo"
        },
        "statusTransacao": {
          "type": "string",
          "description": "`statusTransacao` = Status da transação"
        },
        "dataPagamento": {
          "type": "string",
          "format": "date",
          "description": "`dataPagamento` = Data do pagamento"
        },
        "valor": {
          "type": "number",
          "description": "`valor` = Valor"
        },
        "bancoPagador": {
          "type": "string",
          "description": "`bancoPagador` = Banco Pagador"
        },
        "documentoPagador": {
          "type": "string",
          "description": "`documentoPagador` = Documento Pagador"
        },
        "agenciaPagadora": {
          "type": "string",
          "description": "`agenciaPagadora` = Agencia Pagador"
        },
        "bancoRecebedor": {
          "type": "string",
          "description": "`bancoRecebedor` = Banco do recebedor"
        },
        "documentoRecebedor": {
          "type": "string",
          "description": "`documentoRecebedor` = Documento do recebedor"
        },
        "agenciaRecebedora": {
          "type": "string",
          "description": "`agenciaRecebedora` = Agência do recebedor"
        }
      }
    },
    "PixPagarResponse": {
      "type": "object",
      "properties": {
        "id": {
          "type": "string"
        },
        "codigoStatus": {
          "type": "string"
        },
        "codigoPagamentoOrdem": {
          "type": "string"
        },
        "codigoCobranca": {
          "type": "string"
        },
        "codigoExterno": {
          "type": "string"
        },
        "codigoProduto": {
          "type": "string"
        },
        "valorLancamento": {
          "type": "number",
          "format": "double"
        },
        "codigoTransacaoBanco": {
          "type": "string"
        },
        "txid": {
          "type": "string"
        },
        "transacaoVoucher": {
          "type": "string"
        },
        "transacaoStatus": {
          "type": "string"
        },
        "codigoTransacao": {
          "type": "string"
        },
        "mensagemTransacao": {
          "type": "string"
        },
        "dataPagamento": {
          "type": "string",
          "format": "date-time"
        },
        "recebedor": {
          "$ref": "#/definitions/RecebedorResponse"
        },
        "pagador": {
          "$ref": "#/definitions/PagadorResponse"
        },
        "codigoSap": {
          "type": "string"
        },
        "mensagemSap": {
          "type": "string"
        },
        "processar": {
          "type": "boolean"
        }
      }
    },
    "RecebedorResponse": {
      "type": "object",
      "properties": {
        "codigoBanco": {
          "type": "string"
        },
        "ispb": {
          "type": "string"
        },
        "tipoConta": {
          "type": "string"
        },
        "agencia": {
          "type": "string"
        },
        "conta": {
          "type": "string"
        },
        "clienteRecebedorDocumento": {
          "$ref": "#/definitions/ClienteRecebedorResponse"
        }
      }
    },
    "PagadorResponse": {
      "type": "object",
      "properties": {
        "chavePix": {
          "type": "string"
        },
        "tipoChavePix": {
          "type": "string"
        },
        "codigoBanco": {
          "type": "string"
        },
        "ispb": {
          "type": "string"
        },
        "agencia": {
          "type": "string"
        },
        "tipoConta": {
          "type": "string"
        },
        "conta": {
          "type": "string"
        },
        "moduloSispag": {
          "type": "string"
        },
        "clientePagador": {
          "$ref": "#/definitions/ClientePagadorResponse"
        }
      }
    },
    "ClientePagadorResponse": {
      "type": "object",
      "properties": {
        "nomePagador": {
          "type": "string"
        },
        "tipo": {
          "type": "string"
        },
        "numero": {
          "type": "string"
        }
      }
    },
    "ClienteRecebedorResponse": {
      "type": "object",
      "properties": {
        "nomeRecebedor": {
          "type": "string"
        },
        "tipo": {
          "type": "string"
        },
        "numero": {
          "type": "string"
        }
      }
    },
    "RequestErro": {
      "type": "object",
      "properties": {
        "campo": {
          "type": "string"
        },
        "erro": {
          "type": "string"
        }
      }
    }
  }
}
