{
  "swagger" : "2.0",
  "info" : {
    "description" : "Aplicação responsável por realizar cadastros na PortoPay.",
    "version" : "1.0.0",
    "title" : "[Meios de Pagamento] - PortoPay Cadastros"
  },
  "host" : "r8ycz6k4ob.execute-api.ca-central-1.amazonaws.com",
  "basePath" : "/porto-pay-cadastros",
  "schemes" : [ "https" ],
  "paths" : {
    "/v1/banco" : {
      "get" : {
        "operationId" : "listarBancos",
        "produces" : [ "application/json" ],
        "parameters" : [ {
          "name" : "matricula",
          "in" : "header",
          "required" : true,
          "type" : "string"
        }, {
          "name" : "rest_correlationId",
          "in" : "header",
          "required" : false,
          "type" : "string"
        } ],
        "responses" : {
          "200" : {
            "description" : "200 response",
            "schema" : {
              "$ref" : "#/definitions/ArrayOfBancoResponse"
            }
          },
          "400" : {
            "description" : "400 response"
          },
          "500" : {
            "description" : "500 response"
          },
          "204" : {
            "description" : "204 response"
          }
        },
        "x-amazon-apigateway-integration" : {
          "connectionId" : "1ka4gw",
          "httpMethod" : "GET",
          "uri" : "http://nlb-k8s-porto-pay-cadastros-41e98d35eab68075.elb.ca-central-1.amazonaws.com/porto-pay-cadastros/v1/banco",
          "responses" : {
            "default" : {
              "statusCode" : "200"
            }
          },
          "requestParameters" : {
            "integration.request.header.matricula" : "method.request.header.matricula"
          },
          "passthroughBehavior" : "when_no_match",
          "connectionType" : "VPC_LINK",
          "type" : "http"
        }
      },
      "post" : {
        "operationId" : "cadastrarBanco",
        "consumes" : [ "application/json" ],
        "produces" : [ "application/json" ],
        "parameters" : [ {
          "name" : "matricula",
          "in" : "header",
          "required" : true,
          "type" : "string"
        }, {
          "name" : "rest_correlationId",
          "in" : "header",
          "required" : false,
          "type" : "string"
        }, {
          "in" : "body",
          "name" : "BancoRequest",
          "required" : true,
          "schema" : {
            "$ref" : "#/definitions/BancoRequest"
          }
        } ],
        "responses" : {
          "201" : {
            "description" : "201 response"
          },
          "400" : {
            "description" : "400 response"
          },
          "500" : {
            "description" : "500 response"
          },
          "409" : {
            "description" : "409 response"
          }
        },
        "x-amazon-apigateway-integration" : {
          "connectionId" : "1ka4gw",
          "httpMethod" : "POST",
          "uri" : "http://nlb-k8s-porto-pay-cadastros-41e98d35eab68075.elb.ca-central-1.amazonaws.com/porto-pay-cadastros/v1/banco",
          "responses" : {
            "default" : {
              "statusCode" : "200"
            }
          },
          "passthroughBehavior" : "when_no_match",
          "connectionType" : "VPC_LINK",
          "type" : "http"
        }
      }
    },
    "/v1/banco/{codBanco}" : {
      "get" : {
        "operationId" : "buscarBancosPorCodigo",
        "produces" : [ "application/json" ],
        "parameters" : [ {
          "name" : "codBanco",
          "in" : "path",
          "required" : true,
          "type" : "string"
        }, {
          "name" : "matricula",
          "in" : "header",
          "required" : true,
          "type" : "string"
        }, {
          "name" : "rest_correlationId",
          "in" : "header",
          "required" : false,
          "type" : "string"
        } ],
        "responses" : {
          "200" : {
            "description" : "200 response",
            "schema" : {
              "$ref" : "#/definitions/BancoResponse"
            }
          },
          "400" : {
            "description" : "400 response"
          },
          "500" : {
            "description" : "500 response"
          },
          "404" : {
            "description" : "404 response"
          }
        },
        "x-amazon-apigateway-integration" : {
          "connectionId" : "1ka4gw",
          "httpMethod" : "GET",
          "uri" : "http://nlb-k8s-porto-pay-cadastros-41e98d35eab68075.elb.ca-central-1.amazonaws.com/porto-pay-cadastros/v1/banco/{codBanco}",
          "responses" : {
            "default" : {
              "statusCode" : "200"
            }
          },
          "requestParameters" : {
            "integration.request.header.matricula" : "method.request.header.matricula",
            "integration.request.path.codBanco" : "method.request.path.codBanco"
          },
          "passthroughBehavior" : "when_no_match",
          "connectionType" : "VPC_LINK",
          "type" : "http"
        }
      },
      "put" : {
        "operationId" : "atualizarBanco",
        "consumes" : [ "application/json" ],
        "produces" : [ "application/json" ],
        "parameters" : [ {
          "name" : "codBanco",
          "in" : "path",
          "required" : true,
          "type" : "string"
        }, {
          "name" : "matricula",
          "in" : "header",
          "required" : true,
          "type" : "string"
        }, {
          "name" : "rest_correlationId",
          "in" : "header",
          "required" : false,
          "type" : "string"
        }, {
          "in" : "body",
          "name" : "AlterarBancoRequest",
          "required" : true,
          "schema" : {
            "$ref" : "#/definitions/AlterarBancoRequest"
          }
        } ],
        "responses" : {
          "200" : {
            "description" : "200 response",
            "schema" : {
              "$ref" : "#/definitions/BancoResponse"
            }
          },
          "400" : {
            "description" : "400 response"
          },
          "500" : {
            "description" : "500 response"
          },
          "404" : {
            "description" : "404 response"
          },
          "409" : {
            "description" : "409 response"
          }
        },
        "x-amazon-apigateway-integration" : {
          "connectionId" : "1ka4gw",
          "httpMethod" : "PUT",
          "uri" : "http://nlb-k8s-porto-pay-cadastros-41e98d35eab68075.elb.ca-central-1.amazonaws.com/porto-pay-cadastros/v1/banco/{codBanco}",
          "responses" : {
            "default" : {
              "statusCode" : "200"
            }
          },
          "requestParameters" : {
            "integration.request.path.codBanco" : "method.request.path.codBanco"
          },
          "passthroughBehavior" : "when_no_match",
          "connectionType" : "VPC_LINK",
          "type" : "http"
        }
      },
      "delete" : {
        "operationId" : "excluir_1",
        "produces" : [ "application/json" ],
        "parameters" : [ {
          "name" : "codBanco",
          "in" : "path",
          "required" : true,
          "type" : "string"
        }, {
          "name" : "matricula",
          "in" : "header",
          "required" : true,
          "type" : "string"
        }, {
          "name" : "rest_correlationId",
          "in" : "header",
          "required" : false,
          "type" : "string"
        } ],
        "responses" : {
          "400" : {
            "description" : "400 response"
          },
          "500" : {
            "description" : "500 response"
          },
          "204" : {
            "description" : "204 response"
          },
          "404" : {
            "description" : "404 response"
          }
        },
        "x-amazon-apigateway-integration" : {
          "connectionId" : "1ka4gw",
          "httpMethod" : "DELETE",
          "uri" : "http://nlb-k8s-porto-pay-cadastros-41e98d35eab68075.elb.ca-central-1.amazonaws.com/porto-pay-cadastros/v1/banco/{codBanco}",
          "responses" : {
            "default" : {
              "statusCode" : "200"
            }
          },
          "requestParameters" : {
            "integration.request.path.codBanco" : "method.request.path.codBanco"
          },
          "passthroughBehavior" : "when_no_match",
          "connectionType" : "VPC_LINK",
          "type" : "http"
        }
      }
    },
    "/v1/empresa" : {
      "get" : {
        "operationId" : "listarEmpresas",
        "produces" : [ "application/json" ],
        "parameters" : [ {
          "name" : "matricula",
          "in" : "header",
          "required" : true,
          "type" : "string"
        }, {
          "name" : "rest_correlationId",
          "in" : "header",
          "required" : false,
          "type" : "string"
        } ],
        "responses" : {
          "200" : {
            "description" : "200 response",
            "schema" : {
              "$ref" : "#/definitions/ArrayOfEmpresaResponse"
            }
          },
          "400" : {
            "description" : "400 response"
          },
          "500" : {
            "description" : "500 response"
          },
          "204" : {
            "description" : "204 response"
          }
        },
        "x-amazon-apigateway-integration" : {
          "connectionId" : "1ka4gw",
          "httpMethod" : "GET",
          "uri" : "http://nlb-k8s-porto-pay-cadastros-41e98d35eab68075.elb.ca-central-1.amazonaws.com/porto-pay-cadastros/v1/empresa",
          "responses" : {
            "default" : {
              "statusCode" : "200"
            }
          },
          "requestParameters" : {
            "integration.request.header.matricula" : "method.request.header.matricula"
          },
          "passthroughBehavior" : "when_no_match",
          "connectionType" : "VPC_LINK",
          "type" : "http"
        }
      },
      "post" : {
        "operationId" : "cadastrarEmpresa",
        "consumes" : [ "application/json" ],
        "produces" : [ "application/json" ],
        "parameters" : [ {
          "name" : "matricula",
          "in" : "header",
          "required" : true,
          "type" : "string"
        }, {
          "name" : "rest_correlationId",
          "in" : "header",
          "required" : false,
          "type" : "string"
        }, {
          "in" : "body",
          "name" : "EmpresaRequest",
          "required" : true,
          "schema" : {
            "$ref" : "#/definitions/EmpresaRequest"
          }
        } ],
        "responses" : {
          "201" : {
            "description" : "201 response"
          },
          "400" : {
            "description" : "400 response"
          },
          "500" : {
            "description" : "500 response"
          },
          "409" : {
            "description" : "409 response"
          }
        },
        "x-amazon-apigateway-integration" : {
          "connectionId" : "1ka4gw",
          "httpMethod" : "POST",
          "uri" : "http://nlb-k8s-porto-pay-cadastros-41e98d35eab68075.elb.ca-central-1.amazonaws.com/porto-pay-cadastros/v1/empresa",
          "responses" : {
            "default" : {
              "statusCode" : "200"
            }
          },
          "passthroughBehavior" : "when_no_match",
          "connectionType" : "VPC_LINK",
          "type" : "http"
        }
      }
    },
    "/v1/empresa/{codEmpresa}" : {
      "get" : {
        "operationId" : "buscarEmpresaPorCodigo",
        "produces" : [ "application/json" ],
        "parameters" : [ {
          "name" : "matricula",
          "in" : "header",
          "required" : true,
          "type" : "string"
        }, {
          "name" : "rest_correlationId",
          "in" : "header",
          "required" : false,
          "type" : "string"
        }, {
          "name" : "codEmpresa",
          "in" : "path",
          "required" : true,
          "type" : "string"
        } ],
        "responses" : {
          "200" : {
            "description" : "200 response",
            "schema" : {
              "$ref" : "#/definitions/EmpresaResponse"
            }
          },
          "400" : {
            "description" : "400 response"
          },
          "500" : {
            "description" : "500 response"
          },
          "404" : {
            "description" : "404 response"
          }
        },
        "x-amazon-apigateway-integration" : {
          "connectionId" : "1ka4gw",
          "httpMethod" : "GET",
          "uri" : "http://nlb-k8s-porto-pay-cadastros-41e98d35eab68075.elb.ca-central-1.amazonaws.com/porto-pay-cadastros/v1/empresa/{codEmpresa}",
          "responses" : {
            "default" : {
              "statusCode" : "200"
            }
          },
          "requestParameters" : {
            "integration.request.header.matricula" : "method.request.header.matricula",
            "integration.request.path.codEmpresa" : "method.request.path.codEmpresa"
          },
          "passthroughBehavior" : "when_no_match",
          "connectionType" : "VPC_LINK",
          "type" : "http"
        }
      },
      "put" : {
        "operationId" : "atualizarEmpresa",
        "consumes" : [ "application/json" ],
        "produces" : [ "application/json" ],
        "parameters" : [ {
          "name" : "matricula",
          "in" : "header",
          "required" : true,
          "type" : "string"
        }, {
          "name" : "rest_correlationId",
          "in" : "header",
          "required" : false,
          "type" : "string"
        }, {
          "name" : "codEmpresa",
          "in" : "path",
          "required" : true,
          "type" : "string"
        }, {
          "in" : "body",
          "name" : "AlterarEmpresaRequest",
          "required" : true,
          "schema" : {
            "$ref" : "#/definitions/AlterarEmpresaRequest"
          }
        } ],
        "responses" : {
          "200" : {
            "description" : "200 response",
            "schema" : {
              "$ref" : "#/definitions/EmpresaResponse"
            }
          },
          "400" : {
            "description" : "400 response"
          },
          "500" : {
            "description" : "500 response"
          },
          "404" : {
            "description" : "404 response"
          }
        },
        "x-amazon-apigateway-integration" : {
          "connectionId" : "1ka4gw",
          "httpMethod" : "PUT",
          "uri" : "http://nlb-k8s-porto-pay-cadastros-41e98d35eab68075.elb.ca-central-1.amazonaws.com/porto-pay-cadastros/v1/empresa/{codEmpresa}",
          "responses" : {
            "default" : {
              "statusCode" : "200"
            }
          },
          "requestParameters" : {
            "integration.request.path.codEmpresa" : "method.request.path.codEmpresa"
          },
          "passthroughBehavior" : "when_no_match",
          "connectionType" : "VPC_LINK",
          "type" : "http"
        }
      },
      "delete" : {
        "operationId" : "excluir",
        "produces" : [ "application/json" ],
        "parameters" : [ {
          "name" : "matricula",
          "in" : "header",
          "required" : true,
          "type" : "string"
        }, {
          "name" : "rest_correlationId",
          "in" : "header",
          "required" : false,
          "type" : "string"
        }, {
          "name" : "codEmpresa",
          "in" : "path",
          "required" : true,
          "type" : "string"
        } ],
        "responses" : {
          "400" : {
            "description" : "400 response"
          },
          "500" : {
            "description" : "500 response"
          },
          "204" : {
            "description" : "204 response"
          },
          "404" : {
            "description" : "404 response"
          }
        },
        "x-amazon-apigateway-integration" : {
          "connectionId" : "1ka4gw",
          "httpMethod" : "DELETE",
          "uri" : "http://nlb-k8s-porto-pay-cadastros-41e98d35eab68075.elb.ca-central-1.amazonaws.com/porto-pay-cadastros/v1/empresa/{codEmpresa}",
          "responses" : {
            "default" : {
              "statusCode" : "200"
            }
          },
          "requestParameters" : {
            "integration.request.path.codEmpresa" : "method.request.path.codEmpresa"
          },
          "passthroughBehavior" : "when_no_match",
          "connectionType" : "VPC_LINK",
          "type" : "http"
        }
      }
    },
    "/v1/historico/banco" : {
      "get" : {
        "operationId" : "listarHistoricoBancos",
        "produces" : [ "application/json" ],
        "parameters" : [ {
          "name" : "matricula",
          "in" : "header",
          "required" : true,
          "type" : "string"
        }, {
          "name" : "rest_correlationId",
          "in" : "header",
          "required" : false,
          "type" : "string"
        } ],
        "responses" : {
          "200" : {
            "description" : "200 response",
            "schema" : {
              "$ref" : "#/definitions/ArrayOfHistoricoResponse"
            }
          },
          "400" : {
            "description" : "400 response"
          },
          "204" : {
            "description" : "204 response"
          }
        },
        "x-amazon-apigateway-integration" : {
          "connectionId" : "1ka4gw",
          "httpMethod" : "GET",
          "uri" : "http://nlb-k8s-porto-pay-cadastros-41e98d35eab68075.elb.ca-central-1.amazonaws.com/porto-pay-cadastros/v1/historico/banco",
          "responses" : {
            "default" : {
              "statusCode" : "200"
            }
          },
          "requestParameters" : {
            "integration.request.header.matricula" : "method.request.header.matricula"
          },
          "passthroughBehavior" : "when_no_match",
          "connectionType" : "VPC_LINK",
          "type" : "http"
        }
      }
    },
    "/v1/historico/banco/{codBanco}" : {
      "get" : {
        "operationId" : "listarHistoricoPorCodigoBanco",
        "produces" : [ "application/json" ],
        "parameters" : [ {
          "name" : "codBanco",
          "in" : "path",
          "required" : true,
          "type" : "string"
        }, {
          "name" : "matricula",
          "in" : "header",
          "required" : true,
          "type" : "string"
        }, {
          "name" : "rest_correlationId",
          "in" : "header",
          "required" : false,
          "type" : "string"
        } ],
        "responses" : {
          "200" : {
            "description" : "200 response",
            "schema" : {
              "$ref" : "#/definitions/ArrayOfHistoricoResponse"
            }
          },
          "400" : {
            "description" : "400 response"
          },
          "404" : {
            "description" : "404 response"
          }
        },
        "x-amazon-apigateway-integration" : {
          "connectionId" : "1ka4gw",
          "httpMethod" : "GET",
          "uri" : "http://nlb-k8s-porto-pay-cadastros-41e98d35eab68075.elb.ca-central-1.amazonaws.com/porto-pay-cadastros/v1/historico/banco/{codBanco}",
          "responses" : {
            "default" : {
              "statusCode" : "200"
            }
          },
          "requestParameters" : {
            "integration.request.header.matricula" : "method.request.header.matricula",
            "integration.request.path.codBanco" : "method.request.path.codBanco"
          },
          "passthroughBehavior" : "when_no_match",
          "connectionType" : "VPC_LINK",
          "type" : "http"
        }
      }
    },
    "/v1/historico/empresa" : {
      "get" : {
        "operationId" : "listarHistoricoEmpresas",
        "produces" : [ "application/json" ],
        "parameters" : [ {
          "name" : "matricula",
          "in" : "header",
          "required" : true,
          "type" : "string"
        }, {
          "name" : "rest_correlationId",
          "in" : "header",
          "required" : false,
          "type" : "string"
        } ],
        "responses" : {
          "200" : {
            "description" : "200 response",
            "schema" : {
              "$ref" : "#/definitions/ArrayOfHistoricoResponse"
            }
          },
          "400" : {
            "description" : "400 response"
          },
          "204" : {
            "description" : "204 response"
          }
        },
        "x-amazon-apigateway-integration" : {
          "connectionId" : "1ka4gw",
          "httpMethod" : "GET",
          "uri" : "http://nlb-k8s-porto-pay-cadastros-41e98d35eab68075.elb.ca-central-1.amazonaws.com/porto-pay-cadastros/v1/historico/empresa",
          "responses" : {
            "default" : {
              "statusCode" : "200"
            }
          },
          "requestParameters" : {
            "integration.request.header.matricula" : "method.request.header.matricula"
          },
          "passthroughBehavior" : "when_no_match",
          "connectionType" : "VPC_LINK",
          "type" : "http"
        }
      }
    },
    "/v1/historico/empresa/{codEmpresa}" : {
      "get" : {
        "operationId" : "listarHistoricoPorCodigoEmpresa",
        "produces" : [ "application/json" ],
        "parameters" : [ {
          "name" : "matricula",
          "in" : "header",
          "required" : true,
          "type" : "string"
        }, {
          "name" : "rest_correlationId",
          "in" : "header",
          "required" : false,
          "type" : "string"
        }, {
          "name" : "codEmpresa",
          "in" : "path",
          "required" : true,
          "type" : "string"
        } ],
        "responses" : {
          "200" : {
            "description" : "200 response",
            "schema" : {
              "$ref" : "#/definitions/ArrayOfHistoricoResponse"
            }
          },
          "400" : {
            "description" : "400 response"
          },
          "404" : {
            "description" : "404 response"
          }
        },
        "x-amazon-apigateway-integration" : {
          "connectionId" : "1ka4gw",
          "httpMethod" : "GET",
          "uri" : "http://nlb-k8s-porto-pay-cadastros-41e98d35eab68075.elb.ca-central-1.amazonaws.com/porto-pay-cadastros/v1/historico/empresa/{codEmpresa}",
          "responses" : {
            "default" : {
              "statusCode" : "200"
            }
          },
          "requestParameters" : {
            "integration.request.header.matricula" : "method.request.header.matricula",
            "integration.request.path.codEmpresa" : "method.request.path.codEmpresa"
          },
          "passthroughBehavior" : "when_no_match",
          "connectionType" : "VPC_LINK",
          "type" : "http"
        }
      }
    },
    "/v1/historico/produto" : {
      "get" : {
        "operationId" : "listarHistoricoProdutos",
        "produces" : [ "application/json" ],
        "parameters" : [ {
          "name" : "matricula",
          "in" : "header",
          "required" : true,
          "type" : "string"
        }, {
          "name" : "rest_correlationId",
          "in" : "header",
          "required" : false,
          "type" : "string"
        } ],
        "responses" : {
          "200" : {
            "description" : "200 response",
            "schema" : {
              "$ref" : "#/definitions/ArrayOfHistoricoResponse"
            }
          },
          "400" : {
            "description" : "400 response"
          },
          "204" : {
            "description" : "204 response"
          }
        },
        "x-amazon-apigateway-integration" : {
          "connectionId" : "1ka4gw",
          "httpMethod" : "GET",
          "uri" : "http://nlb-k8s-porto-pay-cadastros-41e98d35eab68075.elb.ca-central-1.amazonaws.com/porto-pay-cadastros/v1/historico/produto",
          "responses" : {
            "default" : {
              "statusCode" : "200"
            }
          },
          "passthroughBehavior" : "when_no_match",
          "connectionType" : "VPC_LINK",
          "type" : "http"
        }
      }
    },
    "/v1/historico/produto/{codProduto}" : {
      "get" : {
        "operationId" : "listarHistoricoPorCodigoProduto",
        "produces" : [ "application/json" ],
        "parameters" : [ {
          "name" : "matricula",
          "in" : "header",
          "required" : true,
          "type" : "string"
        }, {
          "name" : "rest_correlationId",
          "in" : "header",
          "required" : false,
          "type" : "string"
        }, {
          "name" : "codProduto",
          "in" : "path",
          "required" : true,
          "type" : "string"
        } ],
        "responses" : {
          "200" : {
            "description" : "200 response",
            "schema" : {
              "$ref" : "#/definitions/ArrayOfHistoricoResponse"
            }
          },
          "400" : {
            "description" : "400 response"
          },
          "404" : {
            "description" : "404 response"
          }
        },
        "x-amazon-apigateway-integration" : {
          "connectionId" : "1ka4gw",
          "httpMethod" : "GET",
          "uri" : "http://nlb-k8s-porto-pay-cadastros-41e98d35eab68075.elb.ca-central-1.amazonaws.com/porto-pay-cadastros/v1/historico/produto/{codProduto}",
          "responses" : {
            "default" : {
              "statusCode" : "200"
            }
          },
          "requestParameters" : {
            "integration.request.path.codProduto" : "method.request.path.codProduto",
            "integration.request.header.matricula" : "method.request.header.matricula"
          },
          "passthroughBehavior" : "when_no_match",
          "connectionType" : "VPC_LINK",
          "type" : "http"
        }
      }
    },
    "/v1/produto" : {
      "get" : {
        "operationId" : "buscarTodosProdutosAtivo",
        "produces" : [ "application/json" ],
        "parameters" : [ {
          "name" : "matricula",
          "in" : "header",
          "required" : true,
          "type" : "string"
        }, {
          "name" : "rest_correlationId",
          "in" : "header",
          "required" : false,
          "type" : "string"
        } ],
        "responses" : {
          "200" : {
            "description" : "200 response",
            "schema" : {
              "$ref" : "#/definitions/ArrayOfProdutoResponse"
            }
          },
          "400" : {
            "description" : "400 response"
          },
          "500" : {
            "description" : "500 response"
          },
          "204" : {
            "description" : "204 response"
          }
        },
        "x-amazon-apigateway-integration" : {
          "connectionId" : "1ka4gw",
          "httpMethod" : "GET",
          "uri" : "http://nlb-k8s-porto-pay-cadastros-41e98d35eab68075.elb.ca-central-1.amazonaws.com/porto-pay-cadastros/v1/produto",
          "responses" : {
            "default" : {
              "statusCode" : "200"
            }
          },
          "requestParameters" : {
            "integration.request.header.matricula" : "method.request.header.matricula"
          },
          "passthroughBehavior" : "when_no_match",
          "connectionType" : "VPC_LINK",
          "type" : "http"
        }
      },
      "post" : {
        "operationId" : "cadastrarNovoProduto",
        "consumes" : [ "application/json" ],
        "produces" : [ "application/json" ],
        "parameters" : [ {
          "name" : "matricula",
          "in" : "header",
          "required" : true,
          "type" : "string"
        }, {
          "name" : "rest_correlationId",
          "in" : "header",
          "required" : false,
          "type" : "string"
        }, {
          "in" : "body",
          "name" : "ProdutoRequest",
          "required" : true,
          "schema" : {
            "$ref" : "#/definitions/ProdutoRequest"
          }
        } ],
        "responses" : {
          "201" : {
            "description" : "201 response"
          },
          "400" : {
            "description" : "400 response"
          },
          "500" : {
            "description" : "500 response"
          },
          "409" : {
            "description" : "409 response"
          }
        },
        "x-amazon-apigateway-integration" : {
          "connectionId" : "1ka4gw",
          "httpMethod" : "POST",
          "uri" : "http://nlb-k8s-porto-pay-cadastros-41e98d35eab68075.elb.ca-central-1.amazonaws.com/porto-pay-cadastros/v1/produto",
          "responses" : {
            "default" : {
              "statusCode" : "200"
            }
          },
          "passthroughBehavior" : "when_no_match",
          "connectionType" : "VPC_LINK",
          "type" : "http"
        }
      }
    },
    "/v1/produto/{id}" : {
      "get" : {
        "operationId" : "buscarProdutoPorId",
        "produces" : [ "application/json" ],
        "parameters" : [ {
          "name" : "matricula",
          "in" : "header",
          "required" : true,
          "type" : "string"
        }, {
          "name" : "rest_correlationId",
          "in" : "header",
          "required" : false,
          "type" : "string"
        }, {
          "name" : "id",
          "in" : "path",
          "required" : true,
          "type" : "string"
        } ],
        "responses" : {
          "200" : {
            "description" : "200 response",
            "schema" : {
              "$ref" : "#/definitions/ProdutoResponse"
            }
          },
          "400" : {
            "description" : "400 response"
          },
          "500" : {
            "description" : "500 response"
          },
          "404" : {
            "description" : "404 response"
          }
        },
        "x-amazon-apigateway-integration" : {
          "connectionId" : "1ka4gw",
          "httpMethod" : "GET",
          "uri" : "http://nlb-k8s-porto-pay-cadastros-41e98d35eab68075.elb.ca-central-1.amazonaws.com/porto-pay-cadastros/v1/produto/{id}",
          "responses" : {
            "default" : {
              "statusCode" : "200"
            }
          },
          "requestParameters" : {
            "integration.request.header.matricula" : "method.request.header.matricula",
            "integration.request.path.id" : "method.request.path.id"
          },
          "passthroughBehavior" : "when_no_match",
          "connectionType" : "VPC_LINK",
          "type" : "http"
        }
      },
      "put" : {
        "operationId" : "atualizarProduto",
        "consumes" : [ "application/json" ],
        "produces" : [ "application/json" ],
        "parameters" : [ {
          "name" : "matricula",
          "in" : "header",
          "required" : true,
          "type" : "string"
        }, {
          "name" : "rest_correlationId",
          "in" : "header",
          "required" : false,
          "type" : "string"
        }, {
          "name" : "id",
          "in" : "path",
          "required" : true,
          "type" : "string"
        }, {
          "in" : "body",
          "name" : "AlterarProdutoRequest",
          "required" : true,
          "schema" : {
            "$ref" : "#/definitions/AlterarProdutoRequest"
          }
        } ],
        "responses" : {
          "200" : {
            "description" : "200 response",
            "schema" : {
              "$ref" : "#/definitions/ProdutoResponse"
            }
          },
          "400" : {
            "description" : "400 response"
          },
          "404" : {
            "description" : "404 response"
          },
          "409" : {
            "description" : "409 response"
          }
        },
        "x-amazon-apigateway-integration" : {
          "connectionId" : "1ka4gw",
          "httpMethod" : "PUT",
          "uri" : "http://nlb-k8s-porto-pay-cadastros-41e98d35eab68075.elb.ca-central-1.amazonaws.com/porto-pay-cadastros/v1/produto/{id}",
          "responses" : {
            "default" : {
              "statusCode" : "200"
            }
          },
          "requestParameters" : {
            "integration.request.path.id" : "method.request.path.id"
          },
          "passthroughBehavior" : "when_no_match",
          "connectionType" : "VPC_LINK",
          "type" : "http"
        }
      },
      "patch" : {
        "operationId" : "desativarProdutoPorId",
        "produces" : [ "application/json" ],
        "parameters" : [ {
          "name" : "matricula",
          "in" : "header",
          "required" : true,
          "type" : "string"
        }, {
          "name" : "rest_correlationId",
          "in" : "header",
          "required" : false,
          "type" : "string"
        }, {
          "name" : "id",
          "in" : "path",
          "required" : true,
          "type" : "string"
        } ],
        "responses" : {
          "200" : {
            "description" : "200 response",
            "schema" : {
              "$ref" : "#/definitions/ProdutoResponse"
            }
          },
          "400" : {
            "description" : "400 response"
          },
          "500" : {
            "description" : "500 response"
          },
          "404" : {
            "description" : "404 response"
          }
        },
        "x-amazon-apigateway-integration" : {
          "connectionId" : "1ka4gw",
          "httpMethod" : "PATCH",
          "uri" : "http://nlb-k8s-porto-pay-cadastros-41e98d35eab68075.elb.ca-central-1.amazonaws.com/porto-pay-cadastros/v1/produto/{id}",
          "responses" : {
            "default" : {
              "statusCode" : "200"
            }
          },
          "requestParameters" : {
            "integration.request.path.id" : "method.request.path.id"
          },
          "passthroughBehavior" : "when_no_match",
          "connectionType" : "VPC_LINK",
          "type" : "http"
        }
      }
    }
  },
  "definitions" : {
    "AlterarProdutoRequest" : {
      "type" : "object",
      "required" : [ "nomeProduto" ],
      "properties" : {
        "nomeProduto" : {
          "type" : "string",
          "description" : "Nome produto"
        }
      }
    },
    "ArrayOfProdutoResponse" : {
      "type" : "array",
      "items" : {
        "$ref" : "#/definitions/ProdutoResponse"
      }
    },
    "ProdutoResponse" : {
      "type" : "object",
      "properties" : {
        "id" : {
          "type" : "string",
          "description" : "ID do produto"
        },
        "nomeProduto" : {
          "type" : "string",
          "description" : "Nome do produto"
        },
        "ativo" : {
          "type" : "boolean",
          "description" : "Produto está ativo? "
        },
        "historico" : {
          "type" : "boolean",
          "description" : "Produto possui historico de alterações "
        }
      }
    },
    "AlteracoesResponse" : {
      "type" : "object",
      "properties" : {
        "campo" : {
          "type" : "string",
          "description" : "Campo"
        },
        "de" : {
          "type" : "string",
          "description" : "De"
        },
        "para" : {
          "type" : "string",
          "description" : "Para"
        }
      }
    },
    "ArrayOfEmpresaResponse" : {
      "type" : "array",
      "items" : {
        "$ref" : "#/definitions/EmpresaResponse"
      }
    },
    "EmpresaResponse" : {
      "type" : "object",
      "properties" : {
        "codEmpresa" : {
          "type" : "string",
          "description" : "Codigo empresa"
        },
        "nomeEmpresa" : {
          "type" : "string",
          "description" : "Nome da empresa "
        },
        "cnpj" : {
          "type" : "string",
          "description" : "CNPJ"
        },
        "historico" : {
          "type" : "boolean",
          "description" : "Empresa possui historico de alterações"
        }
      }
    },
    "EmpresaRequest" : {
      "type" : "object",
      "required" : [ "cnpj", "codEmpresa", "nomeEmpresa" ],
      "properties" : {
        "codEmpresa" : {
          "type" : "string",
          "description" : "Código empresa"
        },
        "nomeEmpresa" : {
          "type" : "string",
          "description" : "Nome empresa"
        },
        "cnpj" : {
          "type" : "string",
          "description" : "CNPJ"
        }
      }
    },
    "AlterarBancoRequest" : {
      "type" : "object",
      "required" : [ "ispb", "nomeBanco" ],
      "properties" : {
        "nomeBanco" : {
          "type" : "string",
          "description" : "Nome banco"
        },
        "ispb" : {
          "type" : "string",
          "description" : "Identificador do Sistema de Pagamento Brasileiro"
        }
      }
    },
    "ArrayOfHistoricoResponse" : {
      "type" : "array",
      "items" : {
        "$ref" : "#/definitions/HistoricoResponse"
      }
    },
    "HistoricoResponse" : {
      "type" : "object",
      "properties" : {
        "id" : {
          "type" : "string",
          "description" : "ID do Histórico"
        },
        "nomeColecao" : {
          "type" : "string",
          "description" : "Nome coleção"
        },
        "data" : {
          "type" : "string",
          "format" : "date-time",
          "description" : "Data histórico"
        },
        "matricula" : {
          "type" : "string",
          "description" : "Matrícula"
        },
        "objetoDe" : {
          "type" : "string",
          "description" : "Objeto antigo"
        },
        "objetoPara" : {
          "type" : "string",
          "description" : "Objeto novo"
        },
        "objetoExcluido" : {
          "type" : "string",
          "description" : "Objeto excluido"
        },
        "acao" : {
          "type" : "string",
          "description" : "Ação"
        },
        "identificador" : {
          "type" : "string",
          "description" : "Identificador"
        },
        "listaAlteracoes" : {
          "type" : "array",
          "items" : {
            "$ref" : "#/definitions/AlteracoesResponse"
          }
        }
      }
    },
    "BancoRequest" : {
      "type" : "object",
      "required" : [ "codBanco", "ispb", "nomeBanco" ],
      "properties" : {
        "nomeBanco" : {
          "type" : "string",
          "description" : "Nome fantasia identificador do Banco"
        },
        "codBanco" : {
          "type" : "integer",
          "format" : "int32",
          "description" : "Código do Banco"
        },
        "ispb" : {
          "type" : "string",
          "description" : "Identificador do Sistema de Pagamento Brasileiro"
        }
      }
    },
    "ProdutoRequest" : {
      "type" : "object",
      "required" : [ "nomeProduto" ],
      "properties" : {
        "id" : {
          "type" : "string",
          "description" : "Id Produto"
        },
        "nomeProduto" : {
          "type" : "string",
          "description" : "Nome produto"
        }
      }
    },
    "BancoResponse" : {
      "type" : "object",
      "properties" : {
        "codBanco" : {
          "type" : "integer",
          "format" : "int32",
          "description" : "Codigo de identificação do banco"
        },
        "nomeBanco" : {
          "type" : "string",
          "description" : "Nome do produto"
        },
        "ispb" : {
          "type" : "string",
          "description" : "ISPB"
        },
        "historico" : {
          "type" : "boolean",
          "description" : "Banco possui historico de alterações "
        }
      }
    },
    "AlterarEmpresaRequest" : {
      "type" : "object",
      "required" : [ "cnpj", "nomeEmpresa" ],
      "properties" : {
        "nomeEmpresa" : {
          "type" : "string",
          "description" : "Nome empresa"
        },
        "cnpj" : {
          "type" : "string",
          "description" : "CNPJ"
        }
      }
    },
    "ArrayOfBancoResponse" : {
      "type" : "array",
      "items" : {
        "$ref" : "#/definitions/BancoResponse"
      }
    }
  }
}