{
  "swagger" : "2.0",
  "info" : {
    "description" : "API do Dashboard de Transações Orquestrador",
    "version" : "1.0.0",
    "title" : "[Meios de Pagamento] Dashboard de Transações"
  },
  "host" : "kmyf31oof8.execute-api.ca-central-1.amazonaws.com",
  "basePath" : "/porto-pay-dashboard-report",
  "schemes" : [ "https" ],
  "paths" : {
    "/dashboard/v1/transacoes" : {
      "get" : {
        "operationId" : "getSummaryUsingGET",
        "parameters" : [ {
          "name" : "inicioData",
          "in" : "query",
          "required" : false,
          "type" : "string"
        }, {
          "name" : "rest_correlationId",
          "in" : "header",
          "required" : false,
          "type" : "string"
        }, {
          "name" : "fimData",
          "in" : "query",
          "required" : false,
          "type" : "string"
        } ],
        "responses" : {
          "200" : {
            "description" : "200 response"
          },
          "401" : {
            "description" : "401 response"
          },
          "204" : {
            "description" : "204 response"
          },
          "403" : {
            "description" : "403 response"
          },
          "404" : {
            "description" : "404 response"
          }
        },
        "x-amazon-apigateway-integration" : {
          "type" : "http",
          "connectionId" : "fqhc1u",
          "httpMethod" : "GET",
          "uri" : "http://nlb-k8s-dashboard-report-42005fa54728d4a1.elb.ca-central-1.amazonaws.com/porto-pay-dashboard-report/dashboard/v1/transacoes",
          "responses" : {
            "default" : {
              "statusCode" : "200"
            },
            "401" : {
              "statusCode" : "401"
            },
            "204" : {
              "statusCode" : "204"
            },
            "403" : {
              "statusCode" : "403"
            },
            "404" : {
              "statusCode" : "404"
            }
          },
          "requestParameters" : {
            "integration.request.querystring.inicioData" : "method.request.querystring.inicioData",
            "integration.request.querystring.fimData" : "method.request.querystring.fimData"
          },
          "passthroughBehavior" : "when_no_match",
          "connectionType" : "VPC_LINK"
        }
      }
    },
    "/dashboard/v1/transacoes/detalhe/{idexterno}" : {
      "get" : {
        "operationId" : "getTransactionDetailsUsingGET",
        "parameters" : [ {
          "name" : "idexterno",
          "in" : "path",
          "required" : true,
          "type" : "string"
        }, {
          "name" : "rest_correlationId",
          "in" : "header",
          "required" : false,
          "type" : "string"
        } ],
        "responses" : {
          "200" : {
            "description" : "200 response"
          },
          "401" : {
            "description" : "401 response"
          },
          "204" : {
            "description" : "204 response"
          },
          "403" : {
            "description" : "403 response"
          },
          "404" : {
            "description" : "404 response"
          }
        },
        "x-amazon-apigateway-integration" : {
          "type" : "http",
          "connectionId" : "fqhc1u",
          "httpMethod" : "GET",
          "uri" : "http://nlb-k8s-dashboard-report-42005fa54728d4a1.elb.ca-central-1.amazonaws.com/porto-pay-dashboard-report/dashboard/v1/transacoes/detalhe/{idexterno}",
          "responses" : {
            "default" : {
              "statusCode" : "200"
            },
            "401" : {
              "statusCode" : "401"
            },
            "204" : {
              "statusCode" : "204"
            },
            "403" : {
              "statusCode" : "403"
            },
            "404" : {
              "statusCode" : "404"
            }
          },
          "requestParameters" : {
            "integration.request.path.idexterno" : "method.request.path.idexterno"
          },
          "passthroughBehavior" : "when_no_match",
          "connectionType" : "VPC_LINK"
        }
      }
    }
  }
}