{
  "swagger": "2.0",
  "info": {
    "title": "[Meios de Pagamento] API Cadastro de Regras e Rotas para Boletos",
    "description": "Serviço responsável por inserir, deletar, atualizar e disponibilizar regras e rotas para Boletos",
    "version": "1.0.0"
  },
  "host": "xfkofgul3b.execute-api.ca-central-1.amazonaws.com",
  "basePath": "/porto-pay-ticket-router",
  "schemes": [
    "https"
  ],
  "paths": {
    "/rota/{idRota}": {
      "get": {
        "tags": [
          "Operações relacionadas ao cadastro de rotas para o boleto"
        ],
        "summary": "Busca rota por código",
        "description": "Busca rota por código",
        "operationId": "findById",
        "produces": [
          "application/json"
        ],
        "parameters": [
          {
            "name": "idRota",
            "in": "path",
            "required": true,
            "type": "string"
          },
          {
            "name": "matricula",
            "in": "header",
            "required": false,
            "type": "string"
          },
          {
            "name": "rest_correlationId",
            "in": "header",
            "required": false,
            "type": "string"
          }
        ],
        "responses": {
          "200": {
            "description": "200 response",
            "schema": {
              "$ref": "#/definitions/RotaResponse"
            }
          },
          "204": {
            "description": "204 response"
          },
          "401": {
            "description": "401 response"
          },
          "403": {
            "description": "403 response"
          },
          "404": {
            "description": "404 response",
            "schema": {
              "$ref": "#/definitions/Error"
            }
          },
          "409": {
            "description": "409 response",
            "schema": {
              "$ref": "#/definitions/Error"
            }
          },
          "500": {
            "description": "500 response",
            "schema": {
              "$ref": "#/definitions/Error"
            }
          }
        },
        "x-amazon-apigateway-integration": {
          "connectionId": "egpsjq",
          "httpMethod": "GET",
          "uri": "http://NLB-K8S-MEIOSDEPAGAMENTO-21be6b38d29342b1.elb.ca-central-1.amazonaws.com/porto-pay-ticket-router/rota/{idRota}",
          "responses": {
            "200": {
              "statusCode": "200"
            },
            "204": {
              "statusCode": "204"
            },
            "404": {
              "statusCode": "404"
            },
            "409": {
              "statusCode": "409"
            },
            "500": {
              "statusCode": "500"
            },
            "default": {
              "statusCode": "200"
            }
          },
          "requestParameters": {
            "integration.request.header.matricula": "method.request.header.matricula",
            "integration.request.path.idRota": "method.request.path.idRota"
          },
          "passthroughBehavior": "when_no_match",
          "connectionType": "VPC_LINK",
          "type": "http"
        }
      },
      "put": {
        "tags": [
          "Operações relacionadas ao cadastro de rotas para o boleto"
        ],
        "summary": "Altera uma Rota",
        "description": "Altera rota",
        "operationId": "update",
        "produces": [
          "application/json"
        ],
        "parameters": [
          {
            "name": "idRota",
            "in": "path",
            "required": true,
            "type": "string"
          },
          {
            "name": "matricula",
            "in": "header",
            "required": true,
            "type": "string"
          },
          {
            "name": "rest_correlationId",
            "in": "header",
            "required": false,
            "type": "string"
          },
          {
            "in": "body",
            "name": "RotaRequest",
            "schema": {
              "$ref": "#/definitions/RotaRequest"
            },
            "required": true
          }
        ],
        "responses": {
          "200": {
            "description": "200 response",
            "schema": {
              "$ref": "#/definitions/RotaRequest"
            }
          },
          "401": {
            "description": "401 response"
          },
          "403": {
            "description": "403 response"
          },
          "404": {
            "description": "404 response",
            "schema": {
              "$ref": "#/definitions/Error"
            }
          },
          "409": {
            "description": "409 response",
            "schema": {
              "$ref": "#/definitions/Error"
            }
          },
          "500": {
            "description": "500 response",
            "schema": {
              "$ref": "#/definitions/Error"
            }
          }
        },
        "x-amazon-apigateway-integration": {
          "connectionId": "egpsjq",
          "httpMethod": "PUT",
          "uri": "http://NLB-K8S-MEIOSDEPAGAMENTO-21be6b38d29342b1.elb.ca-central-1.amazonaws.com/porto-pay-ticket-router/rota/{idRota}",
          "responses": {
            "200": {
              "statusCode": "200"
            },
            "404": {
              "statusCode": "404"
            },
            "409": {
              "statusCode": "409"
            },
            "500": {
              "statusCode": "500"
            },
            "default": {
              "statusCode": "200"
            }
          },
          "requestParameters": {
            "integration.request.header.matricula": "method.request.header.matricula",
            "integration.request.path.idRota": "method.request.path.idRota"
          },
          "passthroughBehavior": "when_no_match",
          "connectionType": "VPC_LINK",
          "type": "http"
        }
      },
      "delete": {
        "tags": [
          "Operações relacionadas ao cadastro de rotas para o boleto"
        ],
        "summary": "Deleta rota",
        "description": "Deleta registro de rota",
        "operationId": "delete",
        "produces": [
          "application/json"
        ],
        "parameters": [
          {
            "name": "idRota",
            "in": "path",
            "required": true,
            "type": "string"
          },
          {
            "name": "matricula",
            "in": "header",
            "required": true,
            "type": "string"
          },
          {
            "name": "rest_correlationId",
            "in": "header",
            "required": false,
            "type": "string"
          }
        ],
        "responses": {
          "204": {
            "description": "204 response"
          },
          "401": {
            "description": "401 response"
          },
          "403": {
            "description": "403 response"
          },
          "404": {
            "description": "404 response",
            "schema": {
              "$ref": "#/definitions/Error"
            }
          },
          "409": {
            "description": "409 response",
            "schema": {
              "$ref": "#/definitions/Error"
            }
          },
          "500": {
            "description": "500 response",
            "schema": {
              "$ref": "#/definitions/Error"
            }
          }
        },
        "x-amazon-apigateway-integration": {
          "connectionId": "egpsjq",
          "httpMethod": "DELETE",
          "uri": "http://NLB-K8S-MEIOSDEPAGAMENTO-21be6b38d29342b1.elb.ca-central-1.amazonaws.com/porto-pay-ticket-router/rota/{idRota}",
          "responses": {
            "204": {
              "statusCode": "204"
            },
            "404": {
              "statusCode": "404"
            },
            "409": {
              "statusCode": "409"
            },
            "500": {
              "statusCode": "500"
            },
            "default": {
              "statusCode": "200"
            }
          },
          "requestParameters": {
            "integration.request.header.matricula": "method.request.header.matricula",
            "integration.request.path.idRota": "method.request.path.idRota"
          },
          "passthroughBehavior": "when_no_match",
          "connectionType": "VPC_LINK",
          "type": "http"
        }
      }
    },
    "/regra/{codProduto}": {
      "get": {
        "tags": [
          "Operações relacionadas ao cadastro de regras para o boleto"
        ],
        "summary": "Busca todas regras de roteamento de boleto",
        "description": "Busca todas regras de roteamento de boleto no sistema.",
        "operationId": "listarRegras",
        "produces": [
          "application/json"
        ],
        "parameters": [
          {
            "name": "codProduto",
            "in": "path",
            "required": true,
            "type": "string"
          },
          {
            "name": "pagina",
            "in": "query",
            "required": false,
            "type": "integer"
          },
          {
            "name": "qtd",
            "in": "query",
            "required": false,
            "type": "integer"
          },
          {
            "name": "matricula",
            "in": "header",
            "required": true,
            "type": "string"
          },
          {
            "name": "rest_correlationId",
            "in": "header",
            "required": false,
            "type": "string"
          }
        ],
        "responses": {
          "200": {
            "description": "200 response",
            "schema": {
              "type": "array",
              "items": {
                "$ref": "#/definitions/RegraBoletoResponse"
              }
            }
          },
          "400": {
            "description": "400 response"
          },
          "401": {
            "description": "401 response"
          },
          "403": {
            "description": "403 response"
          },
          "404": {
            "description": "404 response",
            "schema": {
              "$ref": "#/definitions/Error"
            }
          },
          "409": {
            "description": "409 response",
            "schema": {
              "$ref": "#/definitions/Error"
            }
          },
          "500": {
            "description": "500 response",
            "schema": {
              "$ref": "#/definitions/Error"
            }
          }
        },
        "x-amazon-apigateway-integration": {
          "connectionId": "egpsjq",
          "httpMethod": "GET",
          "uri": "http://NLB-K8S-MEIOSDEPAGAMENTO-21be6b38d29342b1.elb.ca-central-1.amazonaws.com/porto-pay-ticket-router/regra/{codProduto}",
          "responses": {
            "200": {
              "statusCode": "200"
            },
            "400": {
              "statusCode": "400"
            },
            "401": {
              "statusCode": "401"
            },
            "403": {
              "statusCode": "403"
            },
            "404": {
              "statusCode": "404"
            },
            "409": {
              "statusCode": "409"
            },
            "500": {
              "statusCode": "500"
            },
            "default": {
              "statusCode": "200"
            }
          },
          "requestParameters": {
            "integration.request.header.matricula": "method.request.header.matricula",
            "integration.request.path.codProduto": "method.request.path.codProduto",
            "integration.request.query.qtd": "method.request.query.qtd",
            "integration.request.query.pagina": "method.request.query.pagina"
          },
          "passthroughBehavior": "when_no_match",
          "connectionType": "VPC_LINK",
          "type": "http"
        }
      },
      "put": {
        "tags": [
          "Operações relacionadas ao cadastro de regras para o boleto"
        ],
        "summary": "Altera uma regra",
        "description": "Altera regra",
        "operationId": "update_1",
        "parameters": [
          {
            "name": "codProduto",
            "in": "path",
            "required": true,
            "type": "string"
          },
          {
            "name": "matricula",
            "in": "header",
            "required": false,
            "type": "string"
          },
          {
            "name": "rest_correlationId",
            "in": "header",
            "required": false,
            "type": "string"
          },
          {
            "in": "body",
            "name": "RotaRequest",
            "schema": {
              "$ref": "#/definitions/RegraBoletoRequest"
            },
            "required": true
          }
        ],
        "responses": {
          "200": {
            "description": "200 response",
            "schema": {
              "$ref": "#/definitions/RegraBoletoRequest"
            }
          },
          "401": {
            "description": "401 response"
          },
          "403": {
            "description": "403 response"
          },
          "404": {
            "description": "404 response",
            "schema": {
              "$ref": "#/definitions/Error"
            }
          },
          "409": {
            "description": "409 response",
            "schema": {
              "$ref": "#/definitions/Error"
            }
          },
          "500": {
            "description": "500 response",
            "schema": {
              "$ref": "#/definitions/Error"
            }
          }
        },
        "x-amazon-apigateway-integration": {
          "connectionId": "egpsjq",
          "httpMethod": "PUT",
          "uri": "http://NLB-K8S-MEIOSDEPAGAMENTO-21be6b38d29342b1.elb.ca-central-1.amazonaws.com/porto-pay-ticket-router/regra/{codProduto}",
          "responses": {
            "200": {
              "statusCode": "200"
            },
            "404": {
              "statusCode": "404"
            },
            "409": {
              "statusCode": "409"
            },
            "500": {
              "statusCode": "500"
            },
            "default": {
              "statusCode": "200"
            }
          },
          "requestParameters": {
            "integration.request.header.matricula": "method.request.header.matricula",
            "integration.request.path.codProduto": "method.request.path.codProduto"
          },
          "passthroughBehavior": "when_no_match",
          "connectionType": "VPC_LINK",
          "type": "http"
        }
      },
      "post": {
        "tags": [
          "Operações relacionadas ao cadastro de regras para o boleto"
        ],
        "summary": "Criar regra",
        "description": "Cria um novo registro de regra para o roteamento",
        "operationId": "cadastrar_1",
        "parameters": [
          {
            "name": "codProduto",
            "in": "path",
            "required": true,
            "type": "string"
          },
          {
            "name": "matricula",
            "in": "header",
            "required": false,
            "type": "string"
          },
          {
            "name": "rest_correlationId",
            "in": "header",
            "required": false,
            "type": "string"
          },
          {
            "in": "body",
            "name": "RotaRequest",
            "schema": {
              "$ref": "#/definitions/RegraBoletoRequest"
            },
            "required": true
          }
        ],
        "responses": {
          "201": {
            "description": "201 response",
            "schema": {
              "$ref": "#/definitions/RegraBoletoRequest"
            }
          },
          "401": {
            "description": "401 response"
          },
          "403": {
            "description": "403 response"
          },
          "404": {
            "description": "404 response",
            "schema": {
              "$ref": "#/definitions/Error"
            }
          },
          "409": {
            "description": "409 response",
            "schema": {
              "$ref": "#/definitions/Error"
            }
          },
          "500": {
            "description": "500 response",
            "schema": {
              "$ref": "#/definitions/Error"
            }
          }
        },
        "x-amazon-apigateway-integration": {
          "connectionId": "egpsjq",
          "httpMethod": "POST",
          "uri": "http://NLB-K8S-MEIOSDEPAGAMENTO-21be6b38d29342b1.elb.ca-central-1.amazonaws.com/porto-pay-ticket-router/regra/{codProduto}",
          "responses": {
            "201": {
              "statusCode": "201"
            },
            "404": {
              "statusCode": "404"
            },
            "409": {
              "statusCode": "409"
            },
            "500": {
              "statusCode": "500"
            },
            "default": {
              "statusCode": "200"
            }
          },
          "requestParameters": {
            "integration.request.header.matricula": "method.request.header.matricula",
            "integration.request.path.codProduto": "method.request.path.codProduto"
          },
          "passthroughBehavior": "when_no_match",
          "connectionType": "VPC_LINK",
          "type": "http"
        }
      },
      "delete": {
        "tags": [
          "Operações relacionadas ao cadastro de regras para o boleto"
        ],
        "summary": "Deleta regra",
        "description": "Deleta registro de REGRA",
        "operationId": "delete_1",
        "parameters": [
          {
            "name": "codProduto",
            "in": "path",
            "required": true,
            "type": "string"
          },
          {
            "name": "matricula",
            "in": "header",
            "required": false,
            "type": "string"
          },
          {
            "name": "rest_correlationId",
            "in": "header",
            "required": false,
            "type": "string"
          }
        ],
        "responses": {
          "204": {
            "description": "Registro deletado com sucesso."
          },
          "401": {
            "description": "401 response"
          },
          "403": {
            "description": "403 response"
          },
          "404": {
            "description": "404 response",
            "schema": {
              "$ref": "#/definitions/Error"
            }
          },
          "409": {
            "description": "409 response",
            "schema": {
              "$ref": "#/definitions/Error"
            }
          },
          "500": {
            "description": "500 response",
            "schema": {
              "$ref": "#/definitions/Error"
            }
          }
        },
        "x-amazon-apigateway-integration": {
          "connectionId": "egpsjq",
          "httpMethod": "DELETE",
          "uri": "http://NLB-K8S-MEIOSDEPAGAMENTO-21be6b38d29342b1.elb.ca-central-1.amazonaws.com/porto-pay-ticket-router/regra/{codProduto}",
          "responses": {
            "201": {
              "statusCode": "201"
            },
            "404": {
              "statusCode": "404"
            },
            "409": {
              "statusCode": "409"
            },
            "500": {
              "statusCode": "500"
            },
            "default": {
              "statusCode": "200"
            }
          },
          "requestParameters": {
            "integration.request.header.matricula": "method.request.header.matricula",
            "integration.request.path.codProduto": "method.request.path.codProduto"
          },
          "passthroughBehavior": "when_no_match",
          "connectionType": "VPC_LINK",
          "type": "http"
        }
      }
    },
    "/rota": {
      "get": {
        "tags": [
          "Operações relacionadas ao cadastro de rotas para o boleto"
        ],
        "summary": "Lista todas as rotas",
        "description": "Busca lista de rotas cadastradas",
        "operationId": "listarRotas",
        "parameters": [
          {
            "name": "pagina",
            "in": "query",
            "required": false,
            "type": "integer"
          },
          {
            "name": "qtd",
            "in": "query",
            "required": false,
            "type": "integer"
          },
          {
            "name": "matricula",
            "in": "header",
            "required": false,
            "type": "string"
          },
          {
            "name": "rest_correlationId",
            "in": "header",
            "required": false,
            "type": "string"
          }
        ],
        "responses": {
          "200": {
            "description": "Retorna a lista completa de rotas cadastradas no sistema",
            "schema": {
              "$ref": "#/definitions/PageRotaResponse"
            }
          },
          "204": {
            "description": "204 response"
          },
          "400": {
            "description": "400 response"
          },
          "401": {
            "description": "401 response"
          },
          "403": {
            "description": "403 response"
          },
          "404": {
            "description": "404 response",
            "schema": {
              "$ref": "#/definitions/Error"
            }
          },
          "409": {
            "description": "409 response",
            "schema": {
              "$ref": "#/definitions/Error"
            }
          },
          "500": {
            "description": "500 response",
            "schema": {
              "$ref": "#/definitions/Error"
            }
          }
        },
        "x-amazon-apigateway-integration": {
          "connectionId": "egpsjq",
          "httpMethod": "GET",
          "uri": "http://NLB-K8S-MEIOSDEPAGAMENTO-21be6b38d29342b1.elb.ca-central-1.amazonaws.com/porto-pay-ticket-router/rota",
          "responses": {
            "200": {
              "statusCode": "200"
            },
            "204": {
              "statusCode": "204"
            },
            "400": {
              "statusCode": "400"
            },
            "401": {
              "statusCode": "401"
            },
            "403": {
              "statusCode": "403"
            },
            "404": {
              "statusCode": "404"
            },
            "409": {
              "statusCode": "409"
            },
            "500": {
              "statusCode": "500"
            },
            "default": {
              "statusCode": "200"
            }
          },
          "requestParameters": {
            "integration.request.header.matricula": "method.request.header.matricula",
            "integration.request.query.qtd": "method.request.query.qtd",
            "integration.request.query.pagina": "method.request.query.pagina"
          },
          "passthroughBehavior": "when_no_match",
          "connectionType": "VPC_LINK",
          "type": "http"
        }
      },
      "post": {
        "tags": [
          "Operações relacionadas ao cadastro de rotas para o boleto"
        ],
        "summary": "Cadastra rota",
        "description": "Cadastra uma nova rota",
        "operationId": "cadastrar",
        "parameters": [
          {
            "name": "matricula",
            "in": "header",
            "required": true,
            "type": "string"
          },
          {
            "name": "rest_correlationId",
            "in": "header",
            "required": false,
            "type": "string"
          },
          {
            "in": "body",
            "name": "RotaRequest",
            "schema": {
              "$ref": "#/definitions/RotaRequest"
            },
            "required": true
          }
        ],
        "responses": {
          "201": {
            "description": "201 response",
            "schema": {
              "$ref": "#/definitions/RotaRequest"
            }
          },
          "401": {
            "description": "401 response"
          },
          "403": {
            "description": "403 response"
          },
          "404": {
            "description": "404 response",
            "schema": {
              "$ref": "#/definitions/Error"
            }
          },
          "409": {
            "description": "409 response",
            "schema": {
              "$ref": "#/definitions/Error"
            }
          },
          "500": {
            "description": "500 response",
            "schema": {
              "$ref": "#/definitions/Error"
            }
          }
        },
        "x-amazon-apigateway-integration": {
          "connectionId": "egpsjq",
          "httpMethod": "POST",
          "uri": "http://NLB-K8S-MEIOSDEPAGAMENTO-21be6b38d29342b1.elb.ca-central-1.amazonaws.com/porto-pay-ticket-router/rota",
          "responses": {
            "201": {
              "statusCode": "201"
            },
            "404": {
              "statusCode": "404"
            },
            "409": {
              "statusCode": "409"
            },
            "500": {
              "statusCode": "500"
            },
            "default": {
              "statusCode": "200"
            }
          },
          "requestParameters": {
            "integration.request.header.matricula": "method.request.header.matricula"
          },
          "passthroughBehavior": "when_no_match",
          "connectionType": "VPC_LINK",
          "type": "http"
        }
      }
    },
    "/regra": {
      "get": {
        "tags": [
          "Operações relacionadas ao cadastro de regras para o boleto"
        ],
        "summary": "Busca todas regras de roteamento de boleto",
        "description": "Busca todas regras de roteamento de boleto no sistema.",
        "operationId": "listarTodasRegras",
        "parameters": [
          {
            "name": "matricula",
            "in": "header",
            "required": true,
            "type": "string"
          },
          {
            "name": "rest_correlationId",
            "in": "header",
            "required": false,
            "type": "string"
          }
        ],
        "responses": {
          "200": {
            "description": "200 response",
            "schema": {
              "type": "array",
              "items": {
                "$ref": "#/definitions/RegraBoletoResponse"
              }
            }
          },
          "400": {
            "description": "400 response"
          },
          "401": {
            "description": "401 response"
          },
          "403": {
            "description": "403 response"
          },
          "404": {
            "description": "404 response",
            "schema": {
              "$ref": "#/definitions/Error"
            }
          },
          "409": {
            "description": "409 response",
            "schema": {
              "$ref": "#/definitions/Error"
            }
          },
          "500": {
            "description": "500 response",
            "schema": {
              "$ref": "#/definitions/Error"
            }
          }
        },
        "x-amazon-apigateway-integration": {
          "connectionId": "egpsjq",
          "httpMethod": "GET",
          "uri": "http://NLB-K8S-MEIOSDEPAGAMENTO-21be6b38d29342b1.elb.ca-central-1.amazonaws.com/porto-pay-ticket-router/regra",
          "responses": {
            "200": {
              "statusCode": "200"
            },
            "204": {
              "statusCode": "204"
            },
            "400": {
              "statusCode": "400"
            },
            "401": {
              "statusCode": "401"
            },
            "403": {
              "statusCode": "403"
            },
            "404": {
              "statusCode": "404"
            },
            "409": {
              "statusCode": "409"
            },
            "500": {
              "statusCode": "500"
            },
            "default": {
              "statusCode": "200"
            }
          },
          "requestParameters": {
            "integration.request.header.matricula": "method.request.header.matricula"
          },
          "passthroughBehavior": "when_no_match",
          "connectionType": "VPC_LINK",
          "type": "http"
        }
      }
    },
    "/historico": {
      "get": {
        "tags": [
          "Operações relacionadas ao histórico de rotas"
        ],
        "summary": "Busca todo o histórico cadastrado no sistema",
        "description": "Busca todo o histórico cadastrado no sistema.",
        "operationId": "listarTodoHistorico",
        "parameters": [
          {
            "name": "matricula",
            "in": "header",
            "required": true,
            "type": "string"
          },
          {
            "name": "rest_correlationId",
            "in": "header",
            "required": false,
            "type": "string"
          }
        ],
        "responses": {
          "200": {
            "description": "Lista históricos",
            "schema": {
              "type": "array",
              "items": {
                "$ref": "#/definitions/HistoricoResponse"
              }
            }
          },
          "400": {
            "description": "400 response"
          },
          "401": {
            "description": "401 response"
          },
          "403": {
            "description": "403 response"
          },
          "404": {
            "description": "404 response",
            "schema": {
              "$ref": "#/definitions/Error"
            }
          },
          "409": {
            "description": "409 response",
            "schema": {
              "$ref": "#/definitions/Error"
            }
          },
          "500": {
            "description": "500 response",
            "schema": {
              "$ref": "#/definitions/Error"
            }
          }
        },
        "x-amazon-apigateway-integration": {
          "connectionId": "egpsjq",
          "httpMethod": "GET",
          "uri": "http://NLB-K8S-MEIOSDEPAGAMENTO-21be6b38d29342b1.elb.ca-central-1.amazonaws.com/porto-pay-ticket-router/historico",
          "responses": {
            "200": {
              "statusCode": "200"
            },
            "204": {
              "statusCode": "204"
            },
            "400": {
              "statusCode": "400"
            },
            "401": {
              "statusCode": "401"
            },
            "403": {
              "statusCode": "403"
            },
            "404": {
              "statusCode": "404"
            },
            "409": {
              "statusCode": "409"
            },
            "500": {
              "statusCode": "500"
            },
            "default": {
              "statusCode": "200"
            }
          },
          "requestParameters": {
            "integration.request.header.matricula": "method.request.header.matricula"
          },
          "passthroughBehavior": "when_no_match",
          "connectionType": "VPC_LINK",
          "type": "http"
        }
      }
    },
    "/historico/{idRota}": {
      "get": {
        "tags": [
          "Operações relacionadas ao histórico de rotas"
        ],
        "summary": "Busca todo o histórico cadastrado no sistema de uma rota específica",
        "description": "Busca todo o histórico cadastrado no sistema.",
        "operationId": "listarHistorico",
        "parameters": [
          {
            "name": "idRota",
            "in": "path",
            "required": true,
            "type": "string"
          },
          {
            "name": "matricula",
            "in": "header",
            "required": true,
            "type": "string"
          },
          {
            "name": "rest_correlationId",
            "in": "header",
            "required": false,
            "type": "string"
          }
        ],
        "responses": {
          "200": {
            "description": "Lista de alterações de uma rota específica",
            "schema": {
              "type": "array",
              "items": {
                "$ref": "#/definitions/HistoricoResponse"
              }
            }
          },
          "400": {
            "description": "400 response"
          },
          "401": {
            "description": "401 response"
          },
          "403": {
            "description": "403 response"
          },
          "404": {
            "description": "404 response",
            "schema": {
              "$ref": "#/definitions/Error"
            }
          },
          "409": {
            "description": "409 response",
            "schema": {
              "$ref": "#/definitions/Error"
            }
          },
          "500": {
            "description": "500 response",
            "schema": {
              "$ref": "#/definitions/Error"
            }
          }
        },
        "x-amazon-apigateway-integration": {
          "connectionId": "egpsjq",
          "httpMethod": "GET",
          "uri": "http://NLB-K8S-MEIOSDEPAGAMENTO-21be6b38d29342b1.elb.ca-central-1.amazonaws.com/porto-pay-ticket-router/historico/{idRota}",
          "responses": {
            "200": {
              "statusCode": "200"
            },
            "204": {
              "statusCode": "204"
            },
            "400": {
              "statusCode": "400"
            },
            "401": {
              "statusCode": "401"
            },
            "403": {
              "statusCode": "403"
            },
            "404": {
              "statusCode": "404"
            },
            "409": {
              "statusCode": "409"
            },
            "500": {
              "statusCode": "500"
            },
            "default": {
              "statusCode": "200"
            }
          },
          "requestParameters": {
            "integration.request.header.matricula": "method.request.header.matricula",
            "integration.request.path.idRota": "method.request.path.idRota"
          },
          "passthroughBehavior": "when_no_match",
          "connectionType": "VPC_LINK",
          "type": "http"
        }
      }
    }
  },
  "definitions": {
    "Error": {
      "type": "object",
      "properties": {
        "message": {
          "type": "string"
        }
      },
      "title": "Error Schema"
    },
    "InfoBeneficiarioRequest": {
      "required": [
        "agencia",
        "contaCorrente",
        "digito",
        "nomeEmpresa",
        "numeroDocumento",
        "tipoDocumento"
      ],
      "type": "object",
      "properties": {
        "codEmpresa": {
          "type": "string",
          "description": "Código empresa",
          "example": "P027"
        },
        "nomeEmpresa": {
          "maxLength": 40,
          "minLength": 0,
          "type": "string",
          "description": "Nome de identificação do Beneficiario",
          "example": "PORTO SEGURO COMPANHIA DE SEGUROS"
        },
        "tipoDocumento": {
          "type": "string",
          "description": "Tipo documento",
          "example": "CNPJ"
        },
        "numeroDocumento": {
          "type": "string",
          "description": "Número documento",
          "example": "4435245345364"
        },
        "agencia": {
          "maxLength": 64,
          "minLength": 0,
          "type": "string",
          "description": "`agencia` = Agencia bancária",
          "example": "4231"
        },
        "contaCorrente": {
          "maxLength": 64,
          "minLength": 0,
          "type": "string",
          "description": "`contaCorrente` = Conta Corrente bancária",
          "example": "452361"
        },
        "digito": {
          "maxLength": 2,
          "minLength": 0,
          "type": "string",
          "description": "`digito` = Digito verificador da conta",
          "example": "2"
        },
        "carteira": {
          "maxLength": 64,
          "minLength": 0,
          "type": "string",
          "description": "`carteira` = Carteira associada para geração de boleto",
          "example": "11"
        }
      },
      "description": "Informações sobre o beneficiario"
    },
    "RotaRequest": {
      "required": [
        "chaveAcessoParceiro",
        "codBanco",
        "codConvenio",
        "nomeBanco",
        "nomeConvenio"
      ],
      "type": "object",
      "properties": {
        "chaveAcessoParceiro": {
          "type": "string",
          "description": "Valor da chave de acesso do parceiro",
          "example": "111111111111111111111111111111"
        },
        "codBanco": {
          "maxLength": 4,
          "minLength": 0,
          "type": "string",
          "description": "Código do banco",
          "example": "033"
        },
        "nomeBanco": {
          "type": "string",
          "description": "Nome do banco",
          "example": "SANTANDER"
        },
        "codConvenio": {
          "type": "string",
          "description": "Código do convêniado",
          "example": "0255323"
        },
        "nomeConvenio": {
          "type": "string",
          "description": "Nome do convênio",
          "example": "Nome Convenio"
        },
        "infoBeneficiario": {
          "$ref": "#/definitions/InfoBeneficiarioRequest"
        }
      }
    },
    "InstrucoesBancariasRequest": {
      "required": [
        "percentualJurosMes",
        "quantidadeDiasBaixa"
      ],
      "type": "object",
      "properties": {
        "percentualMultaMes": {
          "type": "number",
          "description": "Percentual de multa ao mês a ser aplicada para o boleto.",
          "format": "double",
          "example": 10
        },
        "percentualJurosMes": {
          "type": "number",
          "description": "Percentual de juros ao mês a ser aplicado para o boleto",
          "format": "double",
          "example": 30
        },
        "quantidadeDiasBaixa": {
          "type": "integer",
          "description": "Dias de Decurso - Quantidade de dias para que um boleto seja baixado após a data de vencimento",
          "format": "int32",
          "example": 10
        },
        "iof": {
          "type": "number",
          "description": "Percentual de IOF a ser aplicado para o boleto",
          "format": "double",
          "example": 5
        },
        "mensagensInstrucoes": {
          "type": "array",
          "description": "Mensagens a serem incluídas no boleto",
          "example": [
            "SR(A) CAIXA - AUTORIZADO O RECEBIMENTO DO BOLETO ATÉ 90 DIAS",
            "O NÃO PAGAMENTO DO BOLETO NA DATA DE VENCIMENTO PODE ACARRETAR A SUSPEN"
          ],
          "items": {
            "type": "string",
            "description": "Mensagens a serem incluídas no boleto",
            "example": "[\"SR(A) CAIXA - AUTORIZADO O RECEBIMENTO DO BOLETO ATÉ 90 DIAS\",\"O NÃO PAGAMENTO DO BOLETO NA DATA DE VENCIMENTO PODE ACARRETAR A SUSPEN\"]"
          }
        },
        "mensagensObrigatorias": {
          "type": "array",
          "description": "Mensagens obrigatórias a serem incluídas no boleto",
          "example": [
            "A FALTA DE PAGAMENTO DA PRIMEIRA PARCELA IMPLICARÁ O CANCELAMENTO DA APÓLICE"
          ],
          "items": {
            "type": "string",
            "description": "Mensagens obrigatórias a serem incluídas no boleto",
            "example": "[\"A FALTA DE PAGAMENTO DA PRIMEIRA PARCELA IMPLICARÁ O CANCELAMENTO DA APÓLICE\"]"
          }
        }
      },
      "description": "Informações sobre instruções"
    },
    "RegraBoletoRequest": {
      "required": [
        "idRota"
      ],
      "type": "object",
      "properties": {
        "tipoBoleto": {
          "type": "string",
          "description": "Tipo boleto",
          "example": "EMISSAO",
          "enum": [
            "EMISSAO",
            "REGULARIZACAO"
          ]
        },
        "idRota": {
          "type": "string",
          "description": "Identificador único do gateway onde as cobranças serão transacionadas",
          "example": "45345435345345345"
        },
        "instrucoesBancarias": {
          "$ref": "#/definitions/InstrucoesBancariasRequest"
        }
      }
    },
    "InstrucoesBancariasResponse": {
      "type": "object",
      "properties": {
        "percentualMultaMes": {
          "type": "number",
          "description": "Percentual de multa ao mês a ser aplicada para o boleto.",
          "format": "double",
          "example": 10
        },
        "percentualJurosMes": {
          "type": "number",
          "description": "Percentual de juros ao mês a ser aplicado para o boleto",
          "format": "double",
          "example": 30
        },
        "quantidadeDiasBaixa": {
          "type": "integer",
          "description": "Dias de Decurso - Quantidade de dias para que um boleto seja baixado após a data de vencimento",
          "format": "int32",
          "example": 10
        },
        "iof": {
          "type": "number",
          "description": "Percentual de IOF a ser aplicado para o boleto",
          "format": "double",
          "example": 5
        },
        "mensagensInstrucoes": {
          "type": "array",
          "description": "Mensagens a serem incluídas no boleto",
          "example": [
            "SR(A) CAIXA - AUTORIZADO O RECEBIMENTO DO BOLETO ATÉ 90 DIAS",
            "O NÃO PAGAMENTO DO BOLETO NA DATA DE VENCIMENTO PODE ACARRETAR A SUSPEN"
          ],
          "items": {
            "type": "string",
            "description": "Mensagens a serem incluídas no boleto",
            "example": "[\"SR(A) CAIXA - AUTORIZADO O RECEBIMENTO DO BOLETO ATÉ 90 DIAS\",\"O NÃO PAGAMENTO DO BOLETO NA DATA DE VENCIMENTO PODE ACARRETAR A SUSPEN\"]"
          }
        },
        "mensagensObrigatorias": {
          "type": "array",
          "description": "Mensagens obrigatórias a serem incluídas no boleto",
          "example": [
            "A FALTA DE PAGAMENTO DA PRIMEIRA PARCELA IMPLICARÁ O CANCELAMENTO DA APÓLICE"
          ],
          "items": {
            "type": "string",
            "description": "Mensagens obrigatórias a serem incluídas no boleto",
            "example": "[\"A FALTA DE PAGAMENTO DA PRIMEIRA PARCELA IMPLICARÁ O CANCELAMENTO DA APÓLICE\"]"
          }
        }
      },
      "description": "Nome beneficiário",
      "example": "PortoBank"
    },
    "RegraBoletoResponse": {
      "type": "object",
      "properties": {
        "codProduto": {
          "type": "string",
          "description": "Codigo Produto",
          "example": "01"
        },
        "tipoBoleto": {
          "type": "string",
          "description": "Tipo boleto",
          "example": "EMISSAO"
        },
        "idRota": {
          "type": "string",
          "description": "Id rota",
          "example": "42343242343"
        },
        "instrucoesBancarias": {
          "$ref": "#/definitions/InstrucoesBancariasResponse"
        },
        "historico": {
          "type": "boolean",
          "description": "Flag sinalizadora de histórico",
          "example": false
        }
      }
    },
    "InfoBeneficiarioResponse": {
      "required": [
        "agencia",
        "carteira",
        "contaCorrente",
        "digito",
        "nomeEmpresa",
        "numeroDocumento",
        "tipoDocumento"
      ],
      "type": "object",
      "properties": {
        "codEmpresa": {
          "type": "string",
          "description": "Código empresa",
          "example": "P027"
        },
        "nomeEmpresa": {
          "type": "string",
          "description": "Nome beneficiário",
          "example": "Porto SEGURO SEGURADORA"
        },
        "tipoDocumento": {
          "type": "string",
          "description": "Tipo documento",
          "example": "CNPJ"
        },
        "numeroDocumento": {
          "type": "string",
          "description": "Número documento",
          "example": "49878247000102"
        },
        "agencia": {
          "type": "string",
          "description": "Agência",
          "example": "34555"
        },
        "contaCorrente": {
          "type": "string",
          "description": "Conta corrente",
          "example": "34324"
        },
        "digito": {
          "type": "string",
          "description": "Digito",
          "example": "1"
        },
        "carteira": {
          "type": "string",
          "description": "Carteira",
          "example": "1"
        }
      }
    },
    "PageRotaResponse": {
      "type": "object",
      "properties": {
        "totalPages": {
          "type": "integer",
          "format": "int32"
        },
        "totalElements": {
          "type": "integer",
          "format": "int64"
        },
        "first": {
          "type": "boolean"
        },
        "last": {
          "type": "boolean"
        },
        "sort": {
          "$ref": "#/definitions/Sort"
        },
        "number": {
          "type": "integer",
          "format": "int32"
        },
        "numberOfElements": {
          "type": "integer",
          "format": "int32"
        },
        "pageable": {
          "$ref": "#/definitions/PageableObject"
        },
        "size": {
          "type": "integer",
          "format": "int32"
        },
        "content": {
          "type": "array",
          "items": {
            "$ref": "#/definitions/RotaResponse"
          }
        },
        "empty": {
          "type": "boolean"
        }
      }
    },
    "PageableObject": {
      "type": "object",
      "properties": {
        "sort": {
          "$ref": "#/definitions/Sort"
        },
        "paged": {
          "type": "boolean"
        },
        "unpaged": {
          "type": "boolean"
        },
        "pageNumber": {
          "type": "integer",
          "format": "int32"
        },
        "pageSize": {
          "type": "integer",
          "format": "int32"
        },
        "offset": {
          "type": "integer",
          "format": "int64"
        }
      }
    },
    "RotaResponse": {
      "type": "object",
      "properties": {
        "codRota": {
          "type": "string",
          "description": "codigo de identificação da rota",
          "example": "1c424210-8101-4cc6-a796-aa1f9f2c2c9e"
        },
        "criadoEm": {
          "type": "string",
          "format": "date-time"
        },
        "chaveAcessoParceiro": {
          "type": "string",
          "description": "Valor da chave de acesso do parceiro",
          "example": "312353445645765767567"
        },
        "codBanco": {
          "type": "string",
          "description": "Identificação do Banco",
          "example": "033"
        },
        "nomeBanco": {
          "type": "string",
          "description": "Nome do Banco",
          "example": "SANTANDER"
        },
        "codConvenio": {
          "type": "string",
          "description": "Identificação do codigo de convenio",
          "example": "99999"
        },
        "nomeConvenio": {
          "type": "string",
          "description": "Nome do convênio",
          "example": "NOME CONVENIO"
        },
        "infoBeneficiario": {
          "$ref": "#/definitions/InfoBeneficiarioResponse"
        },
        "historico": {
          "type": "boolean",
          "description": "Flag sinalizadora de histórico",
          "example": false
        }
      }
    },
    "Sort": {
      "type": "object",
      "properties": {
        "sorted": {
          "type": "boolean"
        },
        "unsorted": {
          "type": "boolean"
        },
        "empty": {
          "type": "boolean"
        }
      }
    },
    "AlteracoesResponse": {
      "type": "object",
      "properties": {
        "campo": {
          "type": "string",
          "description": "Campo",
          "example": "nome"
        },
        "de": {
          "type": "string",
          "description": "Valor antes",
          "example": "Porto"
        },
        "para": {
          "type": "string",
          "description": "Valor depois",
          "example": "PortoBank"
        },
        "descricao": {
          "type": "string",
          "description": "Descrição",
          "example": "INSTRUÇÃO ALTERADA"
        },
        "mensagem": {
          "type": "string",
          "description": "Mensagem",
          "example": "Mensagem exemplo"
        }
      }
    },
    "HistoricoResponse": {
      "type": "object",
      "properties": {
        "id": {
          "type": "string",
          "description": "Id do histórico",
          "example": "4324324"
        },
        "nomeColecao": {
          "type": "string",
          "description": "Nome da collection do histórico",
          "example": "porto_pay_cadastro"
        },
        "data": {
          "type": "string",
          "description": "Data e hora do registro",
          "format": "date-time"
        },
        "matricula": {
          "type": "string",
          "description": "Matrícula responsável",
          "example": "PXXXX"
        },
        "objetoDe": {
          "type": "string",
          "description": "Objeto antigo em json",
          "example": "json"
        },
        "objetoPara": {
          "type": "string",
          "description": "Objeto novo em json",
          "example": "json"
        },
        "objetoExcluido": {
          "type": "string",
          "description": "Objeto excluído em json",
          "example": "json"
        },
        "acao": {
          "type": "string",
          "description": "Descrição ação",
          "example": "ALTERACAO"
        },
        "identificador": {
          "type": "string",
          "description": "Id Rota",
          "example": "123123"
        },
        "listaAlteracoes": {
          "type": "array",
          "items": {
            "$ref": "#/definitions/AlteracoesResponse"
          }
        }
      }
    }
  }
}