{
  "swagger" : "2.0",
  "info" : {
    "description" : "API do Roteador de Cartão de Crédito",
    "version" : "1.0.0",
    "title" : "[Meios de Pagamento] Roteador de Cartão de Crédito"
  },
  "host" : "xfkofgul3b.execute-api.ca-central-1.amazonaws.com",
  "basePath" : "/porto-pay-router",
  "schemes" : [ "https" ],
  "paths" : {
    "/v1/adquirente" : {
      "get" : {
        "operationId" : "getAllUsingGET",
        "produces" : [ "application/json" ],
        "parameters" : [ {
          "name" : "matricula",
          "in" : "header",
          "required" : true,
          "type" : "string"
        }, {
          "name" : "rest_correlationId",
          "in" : "header",
          "required" : false,
          "type" : "string"
        } ],
        "responses" : {
          "200" : {
            "description" : "200 response",
            "schema" : {
              "$ref" : "#/definitions/ArrayOfAcquirerResponse"
            }
          },
          "500" : {
            "description" : "500 response",
            "schema" : {
              "$ref" : "#/definitions/Error"
            }
          },
          "401" : {
            "description" : "401 response"
          },
          "204" : {
            "description" : "204 response"
          },
          "403" : {
            "description" : "403 response"
          },
          "404" : {
            "description" : "404 response",
            "schema" : {
              "$ref" : "#/definitions/Error"
            }
          }
        },
        "x-amazon-apigateway-integration" : {
          "connectionId" : "egpsjq",
          "httpMethod" : "GET",
          "uri" : "http://NLB-K8S-MEIOSDEPAGAMENTO-21be6b38d29342b1.elb.ca-central-1.amazonaws.com/porto-pay-router/v1/adquirente",
          "responses" : {
            "default" : {
              "statusCode" : "200"
            },
            "500" : {
              "statusCode" : "500"
            },
            "204" : {
              "statusCode" : "204"
            },
            "404" : {
              "statusCode" : "404"
            }
          },
          "requestParameters" : {
            "integration.request.header.matricula" : "method.request.header.matricula"
          },
          "passthroughBehavior" : "when_no_match",
          "connectionType" : "VPC_LINK",
          "type" : "http"
        }
      },
      "post" : {
        "operationId" : "postAcquirerUsingPOST",
        "consumes" : [ "application/json" ],
        "produces" : [ "application/json" ],
        "parameters" : [ {
          "name" : "matricula",
          "in" : "header",
          "required" : true,
          "type" : "string"
        }, {
          "name" : "rest_correlationId",
          "in" : "header",
          "required" : false,
          "type" : "string"
        }, {
          "in" : "body",
          "name" : "Acquirer",
          "required" : true,
          "schema" : {
            "$ref" : "#/definitions/Acquirer"
          }
        } ],
        "responses" : {
          "201" : {
            "description" : "201 response",
            "schema" : {
              "$ref" : "#/definitions/AcquirerResponse"
            }
          },
          "500" : {
            "description" : "500 response",
            "schema" : {
              "$ref" : "#/definitions/Error"
            }
          },
          "401" : {
            "description" : "401 response"
          },
          "403" : {
            "description" : "403 response"
          },
          "404" : {
            "description" : "404 response",
            "schema" : {
              "$ref" : "#/definitions/Error"
            }
          },
          "409" : {
            "description" : "409 response",
            "schema" : {
              "$ref" : "#/definitions/Error"
            }
          }
        },
        "x-amazon-apigateway-integration" : {
          "connectionId" : "egpsjq",
          "httpMethod" : "POST",
          "uri" : "http://NLB-K8S-MEIOSDEPAGAMENTO-21be6b38d29342b1.elb.ca-central-1.amazonaws.com/porto-pay-router/v1/adquirente",
          "responses" : {
            "default" : {
              "statusCode" : "200"
            },
            "201" : {
              "statusCode" : "201"
            },
            "500" : {
              "statusCode" : "500"
            },
            "404" : {
              "statusCode" : "404"
            },
            "409" : {
              "statusCode" : "409"
            }
          },
          "requestParameters" : {
            "integration.request.header.matricula" : "method.request.header.matricula"
          },
          "passthroughBehavior" : "when_no_match",
          "connectionType" : "VPC_LINK",
          "type" : "http"
        }
      },
      "put" : {
        "operationId" : "putAcquirerUsingPUT",
        "consumes" : [ "application/json" ],
        "produces" : [ "application/json" ],
        "parameters" : [ {
          "name" : "matricula",
          "in" : "header",
          "required" : true,
          "type" : "string"
        }, {
          "name" : "rest_correlationId",
          "in" : "header",
          "required" : false,
          "type" : "string"
        }, {
          "in" : "body",
          "name" : "Acquirer",
          "required" : true,
          "schema" : {
            "$ref" : "#/definitions/Acquirer"
          }
        } ],
        "responses" : {
          "200" : {
            "description" : "200 response",
            "schema" : {
              "$ref" : "#/definitions/AcquirerResponse"
            }
          },
          "410" : {
            "description" : "410 response"
          },
          "500" : {
            "description" : "500 response",
            "schema" : {
              "$ref" : "#/definitions/Error"
            }
          },
          "401" : {
            "description" : "401 response"
          },
          "403" : {
            "description" : "403 response"
          },
          "404" : {
            "description" : "404 response",
            "schema" : {
              "$ref" : "#/definitions/Error"
            }
          }
        },
        "x-amazon-apigateway-integration" : {
          "connectionId" : "egpsjq",
          "httpMethod" : "PUT",
          "uri" : "http://NLB-K8S-MEIOSDEPAGAMENTO-21be6b38d29342b1.elb.ca-central-1.amazonaws.com/porto-pay-router/v1/adquirente",
          "responses" : {
            "default" : {
              "statusCode" : "200"
            },
            "410" : {
              "statusCode" : "410"
            },
            "500" : {
              "statusCode" : "500"
            },
            "404" : {
              "statusCode" : "404"
            }
          },
          "requestParameters" : {
            "integration.request.header.matricula" : "method.request.header.matricula"
          },
          "passthroughBehavior" : "when_no_match",
          "connectionType" : "VPC_LINK",
          "type" : "http"
        }
      }
    },
    "/v1/adquirente/{id}" : {
      "get" : {
        "operationId" : "getAcquirerByIdUsingGET",
        "produces" : [ "application/json" ],
        "parameters" : [ {
          "name" : "matricula",
          "in" : "header",
          "required" : true,
          "type" : "string"
        }, {
          "name" : "rest_correlationId",
          "in" : "header",
          "required" : false,
          "type" : "string"
        }, {
          "name" : "id",
          "in" : "path",
          "required" : true,
          "type" : "string"
        } ],
        "responses" : {
          "200" : {
            "description" : "200 response",
            "schema" : {
              "$ref" : "#/definitions/AcquirerResponse"
            }
          },
          "500" : {
            "description" : "500 response",
            "schema" : {
              "$ref" : "#/definitions/Error"
            }
          },
          "401" : {
            "description" : "401 response"
          },
          "204" : {
            "description" : "204 response"
          },
          "403" : {
            "description" : "403 response"
          },
          "404" : {
            "description" : "404 response",
            "schema" : {
              "$ref" : "#/definitions/Error"
            }
          }
        },
        "x-amazon-apigateway-integration" : {
          "connectionId" : "egpsjq",
          "httpMethod" : "GET",
          "uri" : "http://NLB-K8S-MEIOSDEPAGAMENTO-21be6b38d29342b1.elb.ca-central-1.amazonaws.com/porto-pay-router/v1/adquirente/{id}",
          "responses" : {
            "default" : {
              "statusCode" : "200"
            },
            "500" : {
              "statusCode" : "500"
            },
            "204" : {
              "statusCode" : "204"
            },
            "404" : {
              "statusCode" : "404"
            }
          },
          "requestParameters" : {
            "integration.request.header.matricula" : "method.request.header.matricula",
            "integration.request.path.id" : "method.request.path.id"
          },
          "passthroughBehavior" : "when_no_match",
          "connectionType" : "VPC_LINK",
          "type" : "http"
        }
      },
      "delete" : {
        "operationId" : "deleteAcquirerUsingDELETE",
        "parameters" : [ {
          "name" : "matricula",
          "in" : "header",
          "required" : true,
          "type" : "string"
        }, {
          "name" : "rest_correlationId",
          "in" : "header",
          "required" : false,
          "type" : "string"
        }, {
          "name" : "id",
          "in" : "path",
          "required" : true,
          "type" : "string"
        } ],
        "responses" : {
          "200" : {
            "description" : "200 response"
          },
          "410" : {
            "description" : "410 response"
          },
          "500" : {
            "description" : "500 response"
          },
          "401" : {
            "description" : "401 response"
          },
          "403" : {
            "description" : "403 response"
          },
          "409" : {
            "description" : "409 response"
          }
        },
        "x-amazon-apigateway-integration" : {
          "connectionId" : "egpsjq",
          "httpMethod" : "DELETE",
          "uri" : "http://NLB-K8S-MEIOSDEPAGAMENTO-21be6b38d29342b1.elb.ca-central-1.amazonaws.com/porto-pay-router/v1/adquirente/{id}",
          "responses" : {
            "default" : {
              "statusCode" : "200"
            },
            "410" : {
              "statusCode" : "410"
            },
            "500" : {
              "statusCode" : "500"
            },
            "409" : {
              "statusCode" : "409"
            }
          },
          "requestParameters" : {
            "integration.request.header.matricula" : "method.request.header.matricula",
            "integration.request.path.id" : "method.request.path.id"
          },
          "passthroughBehavior" : "when_no_match",
          "connectionType" : "VPC_LINK",
          "type" : "http"
        }
      }
    },
    "/v1/bandeira" : {
      "get" : {
        "operationId" : "getAllCardsUsingGET",
        "produces" : [ "application/json" ],
        "parameters" : [ {
          "name" : "matricula",
          "in" : "header",
          "required" : true,
          "type" : "string"
        }, {
          "name" : "rest_correlationId",
          "in" : "header",
          "required" : false,
          "type" : "string"
        } ],
        "responses" : {
          "200" : {
            "description" : "200 response",
            "schema" : {
              "$ref" : "#/definitions/ArrayOfCardResponse"
            }
          },
          "500" : {
            "description" : "500 response"
          },
          "401" : {
            "description" : "401 response"
          },
          "204" : {
            "description" : "204 response"
          },
          "403" : {
            "description" : "403 response"
          },
          "404" : {
            "description" : "404 response",
            "schema" : {
              "$ref" : "#/definitions/Error"
            }
          }
        },
        "x-amazon-apigateway-integration" : {
          "connectionId" : "egpsjq",
          "httpMethod" : "GET",
          "uri" : "http://NLB-K8S-MEIOSDEPAGAMENTO-21be6b38d29342b1.elb.ca-central-1.amazonaws.com/porto-pay-router/v1/bandeira",
          "responses" : {
            "default" : {
              "statusCode" : "200"
            },
            "500" : {
              "statusCode" : "500"
            },
            "204" : {
              "statusCode" : "204"
            },
            "404" : {
              "statusCode" : "404"
            }
          },
          "requestParameters" : {
            "integration.request.header.matricula" : "method.request.header.matricula"
          },
          "passthroughBehavior" : "when_no_match",
          "connectionType" : "VPC_LINK",
          "type" : "http"
        }
      },
      "post" : {
        "operationId" : "postCardUsingPOST",
        "consumes" : [ "application/json" ],
        "produces" : [ "application/json" ],
        "parameters" : [ {
          "name" : "matricula",
          "in" : "header",
          "required" : true,
          "type" : "string"
        }, {
          "name" : "rest_correlationId",
          "in" : "header",
          "required" : false,
          "type" : "string"
        }, {
          "in" : "body",
          "name" : "Card",
          "required" : true,
          "schema" : {
            "$ref" : "#/definitions/Card"
          }
        } ],
        "responses" : {
          "201" : {
            "description" : "201 response",
            "schema" : {
              "$ref" : "#/definitions/CardResponse"
            }
          },
          "500" : {
            "description" : "500 response"
          },
          "401" : {
            "description" : "401 response"
          },
          "403" : {
            "description" : "403 response"
          },
          "404" : {
            "description" : "404 response",
            "schema" : {
              "$ref" : "#/definitions/Error"
            }
          },
          "409" : {
            "description" : "409 response"
          }
        },
        "x-amazon-apigateway-integration" : {
          "connectionId" : "egpsjq",
          "httpMethod" : "POST",
          "uri" : "http://NLB-K8S-MEIOSDEPAGAMENTO-21be6b38d29342b1.elb.ca-central-1.amazonaws.com/porto-pay-router/v1/bandeira",
          "responses" : {
            "default" : {
              "statusCode" : "201"
            },
            "500" : {
              "statusCode" : "500"
            },
            "404" : {
              "statusCode" : "404"
            },
            "409" : {
              "statusCode" : "409"
            }
          },
          "requestParameters" : {
            "integration.request.header.matricula" : "method.request.header.matricula"
          },
          "passthroughBehavior" : "when_no_match",
          "connectionType" : "VPC_LINK",
          "type" : "http"
        }
      },
      "put" : {
        "operationId" : "putCardUsingPUT",
        "consumes" : [ "application/json" ],
        "produces" : [ "application/json" ],
        "parameters" : [ {
          "name" : "matricula",
          "in" : "header",
          "required" : true,
          "type" : "string"
        }, {
          "name" : "rest_correlationId",
          "in" : "header",
          "required" : false,
          "type" : "string"
        }, {
          "in" : "body",
          "name" : "Card",
          "required" : true,
          "schema" : {
            "$ref" : "#/definitions/Card"
          }
        } ],
        "responses" : {
          "200" : {
            "description" : "200 response",
            "schema" : {
              "$ref" : "#/definitions/CardResponse"
            }
          },
          "410" : {
            "description" : "410 response"
          },
          "500" : {
            "description" : "500 response"
          },
          "401" : {
            "description" : "401 response"
          },
          "403" : {
            "description" : "403 response"
          }
        },
        "x-amazon-apigateway-integration" : {
          "connectionId" : "egpsjq",
          "httpMethod" : "PUT",
          "uri" : "http://NLB-K8S-MEIOSDEPAGAMENTO-21be6b38d29342b1.elb.ca-central-1.amazonaws.com/porto-pay-router/v1/bandeira",
          "responses" : {
            "default" : {
              "statusCode" : "200"
            },
            "410" : {
              "statusCode" : "410"
            },
            "500" : {
              "statusCode" : "500"
            }
          },
          "requestParameters" : {
            "integration.request.header.matricula" : "method.request.header.matricula"
          },
          "passthroughBehavior" : "when_no_match",
          "connectionType" : "VPC_LINK",
          "type" : "http"
        }
      }
    },
    "/v1/bandeira/{codBandeira}" : {
      "get" : {
        "operationId" : "getCardByIdUsingGET",
        "produces" : [ "application/json" ],
        "parameters" : [ {
          "name" : "matricula",
          "in" : "header",
          "required" : true,
          "type" : "string"
        }, {
          "name" : "rest_correlationId",
          "in" : "header",
          "required" : false,
          "type" : "string"
        }, {
          "name" : "codBandeira",
          "in" : "path",
          "required" : true,
          "type" : "string"
        } ],
        "responses" : {
          "200" : {
            "description" : "200 response",
            "schema" : {
              "$ref" : "#/definitions/CardResponse"
            }
          },
          "500" : {
            "description" : "500 response"
          },
          "401" : {
            "description" : "401 response"
          },
          "204" : {
            "description" : "204 response"
          },
          "403" : {
            "description" : "403 response"
          },
          "404" : {
            "description" : "404 response",
            "schema" : {
              "$ref" : "#/definitions/Error"
            }
          }
        },
        "x-amazon-apigateway-integration" : {
          "connectionId" : "egpsjq",
          "httpMethod" : "GET",
          "uri" : "http://NLB-K8S-MEIOSDEPAGAMENTO-21be6b38d29342b1.elb.ca-central-1.amazonaws.com/porto-pay-router/v1/bandeira/{codBandeira}",
          "responses" : {
            "default" : {
              "statusCode" : "200"
            },
            "500" : {
              "statusCode" : "500"
            },
            "204" : {
              "statusCode" : "204"
            },
            "404" : {
              "statusCode" : "404"
            }
          },
          "requestParameters" : {
            "integration.request.header.matricula" : "method.request.header.matricula",
            "integration.request.path.codBandeira" : "method.request.path.codBandeira"
          },
          "passthroughBehavior" : "when_no_match",
          "connectionType" : "VPC_LINK",
          "type" : "http"
        }
      },
      "delete" : {
        "operationId" : "deleteCardUsingDELETE",
        "parameters" : [ {
          "name" : "matricula",
          "in" : "header",
          "required" : true,
          "type" : "string"
        }, {
          "name" : "rest_correlationId",
          "in" : "header",
          "required" : false,
          "type" : "string"
        }, {
          "name" : "codBandeira",
          "in" : "path",
          "required" : true,
          "type" : "string"
        } ],
        "responses" : {
          "200" : {
            "description" : "200 response"
          },
          "410" : {
            "description" : "410 response"
          },
          "500" : {
            "description" : "500 response"
          },
          "401" : {
            "description" : "401 response"
          },
          "204" : {
            "description" : "204 response"
          },
          "403" : {
            "description" : "403 response"
          },
          "409" : {
            "description" : "409 response"
          }
        },
        "x-amazon-apigateway-integration" : {
          "connectionId" : "egpsjq",
          "httpMethod" : "DELETE",
          "uri" : "http://NLB-K8S-MEIOSDEPAGAMENTO-21be6b38d29342b1.elb.ca-central-1.amazonaws.com/porto-pay-router/v1/bandeira/{codBandeira}",
          "responses" : {
            "default" : {
              "statusCode" : "200"
            },
            "410" : {
              "statusCode" : "410"
            },
            "500" : {
              "statusCode" : "500"
            },
            "204" : {
              "statusCode" : "204"
            },
            "404" : {
              "statusCode" : "404"
            },
            "409" : {
              "statusCode" : "409"
            }
          },
          "requestParameters" : {
            "integration.request.header.matricula" : "method.request.header.matricula",
            "integration.request.path.codBandeira" : "method.request.path.codBandeira"
          },
          "passthroughBehavior" : "when_no_match",
          "connectionType" : "VPC_LINK",
          "type" : "http"
        }
      }
    },
    "/v1/estabelecimento" : {
      "get" : {
        "operationId" : "getAllUsingGET_1",
        "produces" : [ "application/json" ],
        "parameters" : [ {
          "name" : "matricula",
          "in" : "header",
          "required" : true,
          "type" : "string"
        }, {
          "name" : "rest_correlationId",
          "in" : "header",
          "required" : false,
          "type" : "string"
        } ],
        "responses" : {
          "200" : {
            "description" : "200 response",
            "schema" : {
              "$ref" : "#/definitions/ArrayOfEstablishmentResponse"
            }
          },
          "500" : {
            "description" : "500 response"
          },
          "401" : {
            "description" : "401 response"
          },
          "204" : {
            "description" : "204 response"
          },
          "403" : {
            "description" : "403 response"
          },
          "404" : {
            "description" : "404 response"
          }
        },
        "x-amazon-apigateway-integration" : {
          "connectionId" : "egpsjq",
          "httpMethod" : "GET",
          "uri" : "http://NLB-K8S-MEIOSDEPAGAMENTO-21be6b38d29342b1.elb.ca-central-1.amazonaws.com/porto-pay-router/v1/estabelecimento",
          "responses" : {
            "default" : {
              "statusCode" : "200"
            },
            "500" : {
              "statusCode" : "500"
            },
            "404" : {
              "statusCode" : "404"
            }
          },
          "requestParameters" : {
            "integration.request.header.matricula" : "method.request.header.matricula"
          },
          "passthroughBehavior" : "when_no_match",
          "connectionType" : "VPC_LINK",
          "type" : "http"
        }
      },
      "post" : {
        "operationId" : "postEstablishmentUsingPOST",
        "consumes" : [ "application/json" ],
        "produces" : [ "application/json" ],
        "parameters" : [ {
          "name" : "matricula",
          "in" : "header",
          "required" : true,
          "type" : "string"
        }, {
          "name" : "rest_correlationId",
          "in" : "header",
          "required" : false,
          "type" : "string"
        }, {
          "in" : "body",
          "name" : "Establishment",
          "required" : true,
          "schema" : {
            "$ref" : "#/definitions/Establishment"
          }
        } ],
        "responses" : {
          "201" : {
            "description" : "201 response",
            "schema" : {
              "$ref" : "#/definitions/EstablishmentResponse"
            }
          },
          "500" : {
            "description" : "500 response"
          },
          "401" : {
            "description" : "401 response"
          },
          "403" : {
            "description" : "403 response"
          },
          "404" : {
            "description" : "404 response"
          },
          "409" : {
            "description" : "409 response"
          }
        },
        "x-amazon-apigateway-integration" : {
          "connectionId" : "egpsjq",
          "httpMethod" : "POST",
          "uri" : "http://NLB-K8S-MEIOSDEPAGAMENTO-21be6b38d29342b1.elb.ca-central-1.amazonaws.com/porto-pay-router/v1/estabelecimento",
          "responses" : {
            "default" : {
              "statusCode" : "200"
            },
            "500" : {
              "statusCode" : "500"
            },
            "404" : {
              "statusCode" : "404"
            },
            "409" : {
              "statusCode" : "409"
            }
          },
          "requestParameters" : {
            "integration.request.header.matricula" : "method.request.header.matricula"
          },
          "passthroughBehavior" : "when_no_match",
          "connectionType" : "VPC_LINK",
          "type" : "http"
        }
      },
      "put" : {
        "operationId" : "putEstablishmentUsingPUT",
        "consumes" : [ "application/json" ],
        "produces" : [ "application/json" ],
        "parameters" : [ {
          "name" : "matricula",
          "in" : "header",
          "required" : true,
          "type" : "string"
        }, {
          "name" : "rest_correlationId",
          "in" : "header",
          "required" : false,
          "type" : "string"
        }, {
          "in" : "body",
          "name" : "Establishment",
          "required" : true,
          "schema" : {
            "$ref" : "#/definitions/Establishment"
          }
        } ],
        "responses" : {
          "200" : {
            "description" : "200 response",
            "schema" : {
              "$ref" : "#/definitions/EstablishmentResponse"
            }
          },
          "410" : {
            "description" : "410 response"
          },
          "500" : {
            "description" : "500 response"
          },
          "401" : {
            "description" : "401 response"
          },
          "403" : {
            "description" : "403 response"
          },
          "409" : {
            "description" : "409 response"
          }
        },
        "x-amazon-apigateway-integration" : {
          "connectionId" : "egpsjq",
          "httpMethod" : "PUT",
          "uri" : "http://NLB-K8S-MEIOSDEPAGAMENTO-21be6b38d29342b1.elb.ca-central-1.amazonaws.com/porto-pay-router/v1/estabelecimento",
          "responses" : {
            "default" : {
              "statusCode" : "200"
            },
            "410" : {
              "statusCode" : "410"
            },
            "500" : {
              "statusCode" : "500"
            },
            "409" : {
              "statusCode" : "409"
            }
          },
          "requestParameters" : {
            "integration.request.header.matricula" : "method.request.header.matricula"
          },
          "passthroughBehavior" : "when_no_match",
          "connectionType" : "VPC_LINK",
          "type" : "http"
        }
      }
    },
    "/v1/estabelecimento/produto/{codProduto}" : {
      "get" : {
        "operationId" : "getEstablishmentsByProductUsingGET",
        "produces" : [ "application/json" ],
        "parameters" : [ {
          "name" : "matricula",
          "in" : "header",
          "required" : true,
          "type" : "string"
        }, {
          "name" : "rest_correlationId",
          "in" : "header",
          "required" : false,
          "type" : "string"
        }, {
          "name" : "codProduto",
          "in" : "path",
          "required" : true,
          "type" : "string"
        } ],
        "responses" : {
          "200" : {
            "description" : "200 response",
            "schema" : {
              "$ref" : "#/definitions/ArrayOfEstablishmentResponse"
            }
          },
          "500" : {
            "description" : "500 response"
          },
          "401" : {
            "description" : "401 response"
          },
          "204" : {
            "description" : "204 response"
          },
          "403" : {
            "description" : "403 response"
          },
          "404" : {
            "description" : "404 response"
          }
        },
        "x-amazon-apigateway-integration" : {
          "connectionId" : "egpsjq",
          "httpMethod" : "GET",
          "uri" : "http://NLB-K8S-MEIOSDEPAGAMENTO-21be6b38d29342b1.elb.ca-central-1.amazonaws.com/porto-pay-router/v1/estabelecimento/produto/{codProduto}",
          "responses" : {
            "default" : {
              "statusCode" : "200"
            },
            "500" : {
              "statusCode" : "500"
            },
            "204" : {
              "statusCode" : "204"
            },
            "404" : {
              "statusCode" : "404"
            }
          },
          "requestParameters" : {
            "integration.request.path.codProduto" : "method.request.path.codProduto",
            "integration.request.header.matricula" : "method.request.header.matricula"
          },
          "passthroughBehavior" : "when_no_match",
          "connectionType" : "VPC_LINK",
          "type" : "http"
        }
      }
    },
    "/v1/estabelecimento/{id}" : {
      "get" : {
        "operationId" : "getEstablishmentByIdUsingGET",
        "produces" : [ "application/json" ],
        "parameters" : [ {
          "name" : "matricula",
          "in" : "header",
          "required" : true,
          "type" : "string"
        }, {
          "name" : "rest_correlationId",
          "in" : "header",
          "required" : false,
          "type" : "string"
        }, {
          "name" : "id",
          "in" : "path",
          "required" : true,
          "type" : "string"
        } ],
        "responses" : {
          "200" : {
            "description" : "200 response",
            "schema" : {
              "$ref" : "#/definitions/EstablishmentResponse"
            }
          },
          "500" : {
            "description" : "500 response"
          },
          "401" : {
            "description" : "401 response"
          },
          "204" : {
            "description" : "204 response"
          },
          "403" : {
            "description" : "403 response"
          },
          "404" : {
            "description" : "404 response"
          }
        },
        "x-amazon-apigateway-integration" : {
          "connectionId" : "egpsjq",
          "httpMethod" : "GET",
          "uri" : "http://NLB-K8S-MEIOSDEPAGAMENTO-21be6b38d29342b1.elb.ca-central-1.amazonaws.com/porto-pay-router/v1/estabelecimento/{id}",
          "responses" : {
            "default" : {
              "statusCode" : "200"
            },
            "500" : {
              "statusCode" : "500"
            },
            "204" : {
              "statusCode" : "204"
            },
            "404" : {
              "statusCode" : "404"
            }
          },
          "requestParameters" : {
            "integration.request.header.matricula" : "method.request.header.matricula",
            "integration.request.path.id" : "method.request.path.id"
          },
          "passthroughBehavior" : "when_no_match",
          "connectionType" : "VPC_LINK",
          "type" : "http"
        }
      },
      "delete" : {
        "operationId" : "deleteEstablishmentUsingDELETE",
        "parameters" : [ {
          "name" : "matricula",
          "in" : "header",
          "required" : true,
          "type" : "string"
        }, {
          "name" : "rest_correlationId",
          "in" : "header",
          "required" : false,
          "type" : "string"
        }, {
          "name" : "id",
          "in" : "path",
          "required" : true,
          "type" : "string"
        } ],
        "responses" : {
          "200" : {
            "description" : "200 response"
          },
          "410" : {
            "description" : "410 response"
          },
          "500" : {
            "description" : "500 response"
          },
          "401" : {
            "description" : "401 response"
          },
          "204" : {
            "description" : "204 response"
          },
          "403" : {
            "description" : "403 response"
          },
          "404" : {
            "description" : "404 response"
          },
          "409" : {
            "description" : "409 response"
          }
        },
        "x-amazon-apigateway-integration" : {
          "connectionId" : "egpsjq",
          "httpMethod" : "DELETE",
          "uri" : "http://NLB-K8S-MEIOSDEPAGAMENTO-21be6b38d29342b1.elb.ca-central-1.amazonaws.com/porto-pay-router/v1/estabelecimento/{id}",
          "responses" : {
            "default" : {
              "statusCode" : "200"
            },
            "410" : {
              "statusCode" : "410"
            },
            "500" : {
              "statusCode" : "500"
            },
            "204" : {
              "statusCode" : "204"
            },
            "404" : {
              "statusCode" : "404"
            },
            "409" : {
              "statusCode" : "409"
            }
          },
          "requestParameters" : {
            "integration.request.header.matricula" : "method.request.header.matricula",
            "integration.request.path.id" : "method.request.path.id"
          },
          "passthroughBehavior" : "when_no_match",
          "connectionType" : "VPC_LINK",
          "type" : "http"
        }
      }
    },
    "/v1/gateway" : {
      "get" : {
        "operationId" : "getAllUsingGET_2",
        "produces" : [ "application/json" ],
        "parameters" : [ {
          "name" : "matricula",
          "in" : "header",
          "required" : true,
          "type" : "string"
        }, {
          "name" : "rest_correlationId",
          "in" : "header",
          "required" : false,
          "type" : "string"
        } ],
        "responses" : {
          "200" : {
            "description" : "200 response",
            "schema" : {
              "$ref" : "#/definitions/ArrayOfGatewayResponse"
            }
          },
          "500" : {
            "description" : "500 response"
          },
          "401" : {
            "description" : "401 response"
          },
          "204" : {
            "description" : "204 response"
          },
          "403" : {
            "description" : "403 response"
          },
          "404" : {
            "description" : "404 response"
          }
        },
        "x-amazon-apigateway-integration" : {
          "connectionId" : "egpsjq",
          "httpMethod" : "GET",
          "uri" : "http://NLB-K8S-MEIOSDEPAGAMENTO-21be6b38d29342b1.elb.ca-central-1.amazonaws.com/porto-pay-router/v1/gateway",
          "responses" : {
            "default" : {
              "statusCode" : "200"
            },
            "500" : {
              "statusCode" : "500"
            },
            "204" : {
              "statusCode" : "204"
            },
            "404" : {
              "statusCode" : "404"
            }
          },
          "requestParameters" : {
            "integration.request.header.matricula" : "method.request.header.matricula"
          },
          "passthroughBehavior" : "when_no_match",
          "connectionType" : "VPC_LINK",
          "type" : "http"
        }
      },
      "post" : {
        "operationId" : "postGatewayUsingPOST",
        "consumes" : [ "application/json" ],
        "produces" : [ "application/json" ],
        "parameters" : [ {
          "name" : "matricula",
          "in" : "header",
          "required" : true,
          "type" : "string"
        }, {
          "name" : "rest_correlationId",
          "in" : "header",
          "required" : false,
          "type" : "string"
        }, {
          "in" : "body",
          "name" : "Gateway",
          "required" : true,
          "schema" : {
            "$ref" : "#/definitions/Gateway"
          }
        } ],
        "responses" : {
          "201" : {
            "description" : "201 response",
            "schema" : {
              "$ref" : "#/definitions/GatewayResponse"
            }
          },
          "500" : {
            "description" : "500 response"
          },
          "401" : {
            "description" : "401 response"
          },
          "403" : {
            "description" : "403 response"
          },
          "404" : {
            "description" : "404 response"
          },
          "409" : {
            "description" : "409 response"
          }
        },
        "x-amazon-apigateway-integration" : {
          "connectionId" : "egpsjq",
          "httpMethod" : "POST",
          "uri" : "http://NLB-K8S-MEIOSDEPAGAMENTO-21be6b38d29342b1.elb.ca-central-1.amazonaws.com/porto-pay-router/v1/gateway",
          "responses" : {
            "default" : {
              "statusCode" : "201"
            },
            "500" : {
              "statusCode" : "500"
            },
            "404" : {
              "statusCode" : "404"
            },
            "409" : {
              "statusCode" : "409"
            }
          },
          "requestParameters" : {
            "integration.request.header.matricula" : "method.request.header.matricula"
          },
          "passthroughBehavior" : "when_no_match",
          "connectionType" : "VPC_LINK",
          "type" : "http"
        }
      },
      "put" : {
        "operationId" : "putGatewayUsingPUT",
        "consumes" : [ "application/json" ],
        "produces" : [ "application/json" ],
        "parameters" : [ {
          "name" : "matricula",
          "in" : "header",
          "required" : true,
          "type" : "string"
        }, {
          "name" : "rest_correlationId",
          "in" : "header",
          "required" : false,
          "type" : "string"
        }, {
          "in" : "body",
          "name" : "Gateway",
          "required" : true,
          "schema" : {
            "$ref" : "#/definitions/Gateway"
          }
        } ],
        "responses" : {
          "200" : {
            "description" : "200 response",
            "schema" : {
              "$ref" : "#/definitions/GatewayResponse"
            }
          },
          "410" : {
            "description" : "410 response"
          },
          "500" : {
            "description" : "500 response"
          },
          "401" : {
            "description" : "401 response"
          },
          "403" : {
            "description" : "403 response"
          }
        },
        "x-amazon-apigateway-integration" : {
          "connectionId" : "egpsjq",
          "httpMethod" : "PUT",
          "uri" : "http://NLB-K8S-MEIOSDEPAGAMENTO-21be6b38d29342b1.elb.ca-central-1.amazonaws.com/porto-pay-router/v1/gateway",
          "responses" : {
            "default" : {
              "statusCode" : "200"
            },
            "410" : {
              "statusCode" : "410"
            },
            "500" : {
              "statusCode" : "500"
            }
          },
          "requestParameters" : {
            "integration.request.header.matricula" : "method.request.header.matricula"
          },
          "passthroughBehavior" : "when_no_match",
          "connectionType" : "VPC_LINK",
          "type" : "http"
        }
      }
    },
    "/v1/gateway/{id}" : {
      "get" : {
        "operationId" : "getGatewayByIdUsingGET",
        "produces" : [ "application/json" ],
        "parameters" : [ {
          "name" : "matricula",
          "in" : "header",
          "required" : true,
          "type" : "string"
        }, {
          "name" : "rest_correlationId",
          "in" : "header",
          "required" : false,
          "type" : "string"
        }, {
          "name" : "id",
          "in" : "path",
          "required" : true,
          "type" : "string"
        } ],
        "responses" : {
          "200" : {
            "description" : "200 response",
            "schema" : {
              "$ref" : "#/definitions/GatewayResponse"
            }
          },
          "500" : {
            "description" : "500 response"
          },
          "401" : {
            "description" : "401 response"
          },
          "204" : {
            "description" : "204 response"
          },
          "403" : {
            "description" : "403 response"
          },
          "404" : {
            "description" : "404 response"
          }
        },
        "x-amazon-apigateway-integration" : {
          "connectionId" : "egpsjq",
          "httpMethod" : "GET",
          "uri" : "http://NLB-K8S-MEIOSDEPAGAMENTO-21be6b38d29342b1.elb.ca-central-1.amazonaws.com/porto-pay-router/v1/gateway/{id}",
          "responses" : {
            "default" : {
              "statusCode" : "200"
            },
            "500" : {
              "statusCode" : "500"
            },
            "204" : {
              "statusCode" : "204"
            },
            "404" : {
              "statusCode" : "404"
            }
          },
          "requestParameters" : {
            "integration.request.header.matricula" : "method.request.header.matricula",
            "integration.request.path.id" : "method.request.path.id"
          },
          "passthroughBehavior" : "when_no_match",
          "connectionType" : "VPC_LINK",
          "type" : "http"
        }
      },
      "delete" : {
        "operationId" : "deleteGatewayUsingDELETE",
        "produces" : [ "application/json" ],
        "parameters" : [ {
          "name" : "matricula",
          "in" : "header",
          "required" : true,
          "type" : "string"
        }, {
          "name" : "rest_correlationId",
          "in" : "header",
          "required" : false,
          "type" : "string"
        }, {
          "name" : "id",
          "in" : "path",
          "required" : true,
          "type" : "string"
        } ],
        "responses" : {
          "200" : {
            "description" : "200 response"
          },
          "410" : {
            "description" : "410 response"
          },
          "500" : {
            "description" : "500 response"
          },
          "401" : {
            "description" : "401 response"
          },
          "204" : {
            "description" : "204 response"
          },
          "403" : {
            "description" : "403 response"
          },
          "409" : {
            "description" : "409 response",
            "schema" : {
              "$ref" : "#/definitions/Error"
            }
          }
        },
        "x-amazon-apigateway-integration" : {
          "connectionId" : "egpsjq",
          "httpMethod" : "DELETE",
          "uri" : "http://NLB-K8S-MEIOSDEPAGAMENTO-21be6b38d29342b1.elb.ca-central-1.amazonaws.com/porto-pay-router/v1/gateway/{id}",
          "responses" : {
            "default" : {
              "statusCode" : "200"
            },
            "410" : {
              "statusCode" : "410"
            },
            "500" : {
              "statusCode" : "500"
            },
            "204" : {
              "statusCode" : "204"
            },
            "409" : {
              "statusCode" : "409"
            }
          },
          "requestParameters" : {
            "integration.request.header.matricula" : "method.request.header.matricula",
            "integration.request.path.id" : "method.request.path.id"
          },
          "passthroughBehavior" : "when_no_match",
          "connectionType" : "VPC_LINK",
          "type" : "http"
        }
      }
    },
    "/v1/lojas-gateway" : {
      "get" : {
        "operationId" : "getAllUsingGET_3",
        "produces" : [ "application/json" ],
        "parameters" : [ {
          "name" : "matricula",
          "in" : "header",
          "required" : true,
          "type" : "string"
        }, {
          "name" : "rest_correlationId",
          "in" : "header",
          "required" : false,
          "type" : "string"
        } ],
        "responses" : {
          "200" : {
            "description" : "200 response",
            "schema" : {
              "$ref" : "#/definitions/ArrayOfGatewayStoreResponse"
            }
          },
          "500" : {
            "description" : "500 response"
          },
          "401" : {
            "description" : "401 response"
          },
          "204" : {
            "description" : "204 response"
          },
          "403" : {
            "description" : "403 response"
          },
          "404" : {
            "description" : "404 response"
          }
        },
        "x-amazon-apigateway-integration" : {
          "connectionId" : "egpsjq",
          "httpMethod" : "GET",
          "uri" : "http://NLB-K8S-MEIOSDEPAGAMENTO-21be6b38d29342b1.elb.ca-central-1.amazonaws.com/porto-pay-router/v1/lojas-gateway",
          "responses" : {
            "default" : {
              "statusCode" : "200"
            },
            "500" : {
              "statusCode" : "500"
            },
            "204" : {
              "statusCode" : "204"
            },
            "404" : {
              "statusCode" : "404"
            }
          },
          "requestParameters" : {
            "integration.request.header.matricula" : "method.request.header.matricula"
          },
          "passthroughBehavior" : "when_no_match",
          "connectionType" : "VPC_LINK",
          "type" : "http"
        }
      },
      "post" : {
        "operationId" : "postGatewayStoreUsingPOST",
        "consumes" : [ "application/json" ],
        "produces" : [ "application/json" ],
        "parameters" : [ {
          "name" : "matricula",
          "in" : "header",
          "required" : true,
          "type" : "string"
        }, {
          "name" : "rest_correlationId",
          "in" : "header",
          "required" : false,
          "type" : "string"
        }, {
          "in" : "body",
          "name" : "GatewayStore",
          "required" : true,
          "schema" : {
            "$ref" : "#/definitions/GatewayStore"
          }
        } ],
        "responses" : {
          "201" : {
            "description" : "201 response",
            "schema" : {
              "$ref" : "#/definitions/GatewayStoreResponse"
            }
          },
          "400" : {
            "description" : "400 response"
          },
          "500" : {
            "description" : "500 response"
          },
          "401" : {
            "description" : "401 response"
          },
          "403" : {
            "description" : "403 response"
          },
          "404" : {
            "description" : "404 response"
          },
          "409" : {
            "description" : "409 response"
          }
        },
        "x-amazon-apigateway-integration" : {
          "connectionId" : "egpsjq",
          "httpMethod" : "POST",
          "uri" : "http://NLB-K8S-MEIOSDEPAGAMENTO-21be6b38d29342b1.elb.ca-central-1.amazonaws.com/porto-pay-router/v1/lojas-gateway",
          "responses" : {
            "default" : {
              "statusCode" : "201"
            },
            "400" : {
              "statusCode" : "400"
            },
            "500" : {
              "statusCode" : "500"
            },
            "404" : {
              "statusCode" : "404"
            },
            "409" : {
              "statusCode" : "409"
            }
          },
          "requestParameters" : {
            "integration.request.header.matricula" : "method.request.header.matricula"
          },
          "passthroughBehavior" : "when_no_match",
          "connectionType" : "VPC_LINK",
          "type" : "http"
        }
      },
      "put" : {
        "operationId" : "putGatewayStoreUsingPUT",
        "consumes" : [ "application/json" ],
        "produces" : [ "application/json" ],
        "parameters" : [ {
          "name" : "matricula",
          "in" : "header",
          "required" : true,
          "type" : "string"
        }, {
          "name" : "rest_correlationId",
          "in" : "header",
          "required" : false,
          "type" : "string"
        }, {
          "in" : "body",
          "name" : "GatewayStore",
          "required" : true,
          "schema" : {
            "$ref" : "#/definitions/GatewayStore"
          }
        } ],
        "responses" : {
          "200" : {
            "description" : "200 response",
            "schema" : {
              "$ref" : "#/definitions/GatewayStoreResponse"
            }
          },
          "400" : {
            "description" : "400 response"
          },
          "500" : {
            "description" : "500 response"
          },
          "401" : {
            "description" : "401 response"
          },
          "403" : {
            "description" : "403 response"
          },
          "404" : {
            "description" : "404 response"
          },
          "409" : {
            "description" : "409 response"
          }
        },
        "x-amazon-apigateway-integration" : {
          "connectionId" : "egpsjq",
          "httpMethod" : "PUT",
          "uri" : "http://NLB-K8S-MEIOSDEPAGAMENTO-21be6b38d29342b1.elb.ca-central-1.amazonaws.com/porto-pay-router/v1/lojas-gateway",
          "responses" : {
            "default" : {
              "statusCode" : "200"
            },
            "400" : {
              "statusCode" : "400"
            },
            "500" : {
              "statusCode" : "500"
            },
            "404" : {
              "statusCode" : "404"
            },
            "409" : {
              "statusCode" : "409"
            }
          },
          "requestParameters" : {
            "integration.request.header.matricula" : "method.request.header.matricula"
          },
          "passthroughBehavior" : "when_no_match",
          "connectionType" : "VPC_LINK",
          "type" : "http"
        }
      }
    },
    "/v1/lojas-gateway/{id}" : {
      "get" : {
        "operationId" : "getGatewayStoreByIdUsingGET",
        "produces" : [ "application/json" ],
        "parameters" : [ {
          "name" : "matricula",
          "in" : "header",
          "required" : true,
          "type" : "string"
        }, {
          "name" : "rest_correlationId",
          "in" : "header",
          "required" : false,
          "type" : "string"
        }, {
          "name" : "id",
          "in" : "path",
          "required" : true,
          "type" : "string"
        } ],
        "responses" : {
          "200" : {
            "description" : "200 response",
            "schema" : {
              "$ref" : "#/definitions/GatewayStoreResponse"
            }
          },
          "500" : {
            "description" : "500 response"
          },
          "401" : {
            "description" : "401 response"
          },
          "204" : {
            "description" : "204 response"
          },
          "403" : {
            "description" : "403 response"
          },
          "404" : {
            "description" : "404 response"
          }
        },
        "x-amazon-apigateway-integration" : {
          "connectionId" : "egpsjq",
          "httpMethod" : "GET",
          "uri" : "http://NLB-K8S-MEIOSDEPAGAMENTO-21be6b38d29342b1.elb.ca-central-1.amazonaws.com/porto-pay-router/v1/lojas-gateway/{id}",
          "responses" : {
            "default" : {
              "statusCode" : "200"
            },
            "500" : {
              "statusCode" : "500"
            },
            "204" : {
              "statusCode" : "204"
            },
            "404" : {
              "statusCode" : "404"
            }
          },
          "requestParameters" : {
            "integration.request.header.matricula" : "method.request.header.matricula",
            "integration.request.path.id" : "method.request.path.id"
          },
          "passthroughBehavior" : "when_no_match",
          "connectionType" : "VPC_LINK",
          "type" : "http"
        }
      },
      "delete" : {
        "operationId" : "deleteGatewayStoreUsingDELETE",
        "parameters" : [ {
          "name" : "matricula",
          "in" : "header",
          "required" : true,
          "type" : "string"
        }, {
          "name" : "rest_correlationId",
          "in" : "header",
          "required" : false,
          "type" : "string"
        }, {
          "name" : "id",
          "in" : "path",
          "required" : true,
          "type" : "string"
        } ],
        "responses" : {
          "200" : {
            "description" : "200 response"
          },
          "410" : {
            "description" : "410 response"
          },
          "500" : {
            "description" : "500 response"
          },
          "401" : {
            "description" : "401 response"
          },
          "204" : {
            "description" : "204 response"
          },
          "403" : {
            "description" : "403 response"
          },
          "409" : {
            "description" : "409 response"
          }
        },
        "x-amazon-apigateway-integration" : {
          "connectionId" : "egpsjq",
          "httpMethod" : "DELETE",
          "uri" : "http://NLB-K8S-MEIOSDEPAGAMENTO-21be6b38d29342b1.elb.ca-central-1.amazonaws.com/porto-pay-router/v1/lojas-gateway/{id}",
          "responses" : {
            "default" : {
              "statusCode" : "200"
            },
            "410" : {
              "statusCode" : "410"
            },
            "500" : {
              "statusCode" : "500"
            },
            "204" : {
              "statusCode" : "204"
            },
            "409" : {
              "statusCode" : "409"
            }
          },
          "requestParameters" : {
            "integration.request.header.matricula" : "method.request.header.matricula",
            "integration.request.path.id" : "method.request.path.id"
          },
          "passthroughBehavior" : "when_no_match",
          "connectionType" : "VPC_LINK",
          "type" : "http"
        }
      }
    },
    "/v1/regras" : {
      "get" : {
        "operationId" : "getAllRuleUsingGET",
        "produces" : [ "application/json" ],
        "parameters" : [ {
          "name" : "matricula",
          "in" : "header",
          "required" : true,
          "type" : "string"
        }, {
          "name" : "rest_correlationId",
          "in" : "header",
          "required" : false,
          "type" : "string"
        } ],
        "responses" : {
          "200" : {
            "description" : "200 response",
            "schema" : {
              "$ref" : "#/definitions/ArrayOfRuleResponse"
            }
          },
          "500" : {
            "description" : "500 response"
          },
          "401" : {
            "description" : "401 response"
          },
          "204" : {
            "description" : "204 response"
          },
          "403" : {
            "description" : "403 response"
          },
          "404" : {
            "description" : "404 response"
          }
        },
        "x-amazon-apigateway-integration" : {
          "connectionId" : "egpsjq",
          "httpMethod" : "GET",
          "uri" : "http://NLB-K8S-MEIOSDEPAGAMENTO-21be6b38d29342b1.elb.ca-central-1.amazonaws.com/porto-pay-router/v1/regras",
          "responses" : {
            "default" : {
              "statusCode" : "200"
            },
            "500" : {
              "statusCode" : "500"
            },
            "204" : {
              "statusCode" : "204"
            },
            "404" : {
              "statusCode" : "404"
            }
          },
          "requestParameters" : {
            "integration.request.header.matricula" : "method.request.header.matricula"
          },
          "passthroughBehavior" : "when_no_match",
          "connectionType" : "VPC_LINK",
          "type" : "http"
        }
      },
      "post" : {
        "operationId" : "postRuleUsingPOST",
        "consumes" : [ "application/json" ],
        "produces" : [ "application/json" ],
        "parameters" : [ {
          "name" : "matricula",
          "in" : "header",
          "required" : true,
          "type" : "string"
        }, {
          "name" : "rest_correlationId",
          "in" : "header",
          "required" : false,
          "type" : "string"
        }, {
          "in" : "body",
          "name" : "Rule",
          "required" : true,
          "schema" : {
            "$ref" : "#/definitions/Rule"
          }
        } ],
        "responses" : {
          "201" : {
            "description" : "201 response",
            "schema" : {
              "$ref" : "#/definitions/RuleResponse"
            }
          },
          "500" : {
            "description" : "500 response"
          },
          "401" : {
            "description" : "401 response"
          },
          "403" : {
            "description" : "403 response"
          },
          "404" : {
            "description" : "404 response"
          },
          "409" : {
            "description" : "409 response"
          }
        },
        "x-amazon-apigateway-integration" : {
          "connectionId" : "egpsjq",
          "httpMethod" : "POST",
          "uri" : "http://NLB-K8S-MEIOSDEPAGAMENTO-21be6b38d29342b1.elb.ca-central-1.amazonaws.com/porto-pay-router/v1/regras",
          "responses" : {
            "default" : {
              "statusCode" : "201"
            },
            "500" : {
              "statusCode" : "500"
            },
            "404" : {
              "statusCode" : "404"
            },
            "409" : {
              "statusCode" : "409"
            }
          },
          "requestParameters" : {
            "integration.request.header.matricula" : "method.request.header.matricula"
          },
          "passthroughBehavior" : "when_no_match",
          "connectionType" : "VPC_LINK",
          "type" : "http"
        }
      }
    },
    "/v1/regras/multiplas" : {
      "put" : {
        "operationId" : "putManyRulesUsingPUT",
        "consumes" : [ "application/json" ],
        "produces" : [ "application/json" ],
        "parameters" : [ {
          "name" : "matricula",
          "in" : "header",
          "required" : true,
          "type" : "string"
        }, {
          "name" : "rest_correlationId",
          "in" : "header",
          "required" : false,
          "type" : "string"
        }, {
          "in" : "body",
          "name" : "ArrayOfRule",
          "required" : true,
          "schema" : {
            "$ref" : "#/definitions/ArrayOfRule"
          }
        } ],
        "responses" : {
          "200" : {
            "description" : "200 response",
            "schema" : {
              "$ref" : "#/definitions/ArrayOfRuleResponse"
            }
          },
          "410" : {
            "description" : "410 response"
          },
          "500" : {
            "description" : "500 response"
          },
          "401" : {
            "description" : "401 response"
          },
          "204" : {
            "description" : "204 response"
          },
          "403" : {
            "description" : "403 response"
          }
        },
        "x-amazon-apigateway-integration" : {
          "connectionId" : "egpsjq",
          "httpMethod" : "PUT",
          "uri" : "http://NLB-K8S-MEIOSDEPAGAMENTO-21be6b38d29342b1.elb.ca-central-1.amazonaws.com/porto-pay-router/v1/regras/multiplas",
          "responses" : {
            "default" : {
              "statusCode" : "200"
            },
            "410" : {
              "statusCode" : "410"
            },
            "500" : {
              "statusCode" : "500"
            },
            "204" : {
              "statusCode" : "204"
            }
          },
          "requestParameters" : {
            "integration.request.header.matricula" : "method.request.header.matricula"
          },
          "passthroughBehavior" : "when_no_match",
          "connectionType" : "VPC_LINK",
          "type" : "http"
        }
      }
    },
    "/v1/regras/produto/{codProduto}" : {
      "get" : {
        "operationId" : "getRulesByProductUsingGET",
        "produces" : [ "application/json" ],
        "parameters" : [ {
          "name" : "matricula",
          "in" : "header",
          "required" : true,
          "type" : "string"
        }, {
          "name" : "rest_correlationId",
          "in" : "header",
          "required" : false,
          "type" : "string"
        }, {
          "name" : "codProduto",
          "in" : "path",
          "required" : true,
          "type" : "string"
        } ],
        "responses" : {
          "200" : {
            "description" : "200 response",
            "schema" : {
              "$ref" : "#/definitions/ArrayOfRuleResponse"
            }
          },
          "500" : {
            "description" : "500 response"
          },
          "401" : {
            "description" : "401 response"
          },
          "204" : {
            "description" : "204 response"
          },
          "403" : {
            "description" : "403 response"
          },
          "404" : {
            "description" : "404 response"
          }
        },
        "x-amazon-apigateway-integration" : {
          "connectionId" : "egpsjq",
          "httpMethod" : "GET",
          "uri" : "http://NLB-K8S-MEIOSDEPAGAMENTO-21be6b38d29342b1.elb.ca-central-1.amazonaws.com/porto-pay-router/v1/regras/produto/{codProduto}",
          "responses" : {
            "default" : {
              "statusCode" : "200"
            },
            "500" : {
              "statusCode" : "500"
            },
            "204" : {
              "statusCode" : "204"
            },
            "404" : {
              "statusCode" : "404"
            }
          },
          "requestParameters" : {
            "integration.request.path.codProduto" : "method.request.path.codProduto",
            "integration.request.header.matricula" : "method.request.header.matricula"
          },
          "passthroughBehavior" : "when_no_match",
          "connectionType" : "VPC_LINK",
          "type" : "http"
        }
      }
    },
    "/v1/regras/unica" : {
      "put" : {
        "operationId" : "putOneRuleUsingPUT",
        "consumes" : [ "application/json" ],
        "produces" : [ "application/json" ],
        "parameters" : [ {
          "name" : "matricula",
          "in" : "header",
          "required" : true,
          "type" : "string"
        }, {
          "name" : "rest_correlationId",
          "in" : "header",
          "required" : false,
          "type" : "string"
        }, {
          "in" : "body",
          "name" : "Rule",
          "required" : true,
          "schema" : {
            "$ref" : "#/definitions/Rule"
          }
        } ],
        "responses" : {
          "200" : {
            "description" : "200 response",
            "schema" : {
              "$ref" : "#/definitions/RuleResponse"
            }
          },
          "500" : {
            "description" : "500 response"
          },
          "401" : {
            "description" : "401 response"
          },
          "403" : {
            "description" : "403 response"
          },
          "404" : {
            "description" : "404 response"
          },
          "409" : {
            "description" : "409 response"
          }
        },
        "x-amazon-apigateway-integration" : {
          "connectionId" : "egpsjq",
          "httpMethod" : "PUT",
          "uri" : "http://NLB-K8S-MEIOSDEPAGAMENTO-21be6b38d29342b1.elb.ca-central-1.amazonaws.com/porto-pay-router/v1/regras/unica",
          "responses" : {
            "default" : {
              "statusCode" : "200"
            },
            "500" : {
              "statusCode" : "500"
            },
            "404" : {
              "statusCode" : "404"
            },
            "409" : {
              "statusCode" : "409"
            }
          },
          "requestParameters" : {
            "integration.request.header.matricula" : "method.request.header.matricula"
          },
          "passthroughBehavior" : "when_no_match",
          "connectionType" : "VPC_LINK",
          "type" : "http"
        }
      }
    },
    "/v1/regras/{id}" : {
      "get" : {
        "operationId" : "getRuleByIdUsingGET",
        "produces" : [ "application/json" ],
        "parameters" : [ {
          "name" : "matricula",
          "in" : "header",
          "required" : true,
          "type" : "string"
        }, {
          "name" : "rest_correlationId",
          "in" : "header",
          "required" : false,
          "type" : "string"
        }, {
          "name" : "id",
          "in" : "path",
          "required" : true,
          "type" : "string"
        } ],
        "responses" : {
          "200" : {
            "description" : "200 response",
            "schema" : {
              "$ref" : "#/definitions/RuleResponse"
            }
          },
          "500" : {
            "description" : "500 response"
          },
          "401" : {
            "description" : "401 response"
          },
          "204" : {
            "description" : "204 response"
          },
          "403" : {
            "description" : "403 response"
          },
          "404" : {
            "description" : "404 response"
          }
        },
        "x-amazon-apigateway-integration" : {
          "connectionId" : "egpsjq",
          "httpMethod" : "GET",
          "uri" : "http://NLB-K8S-MEIOSDEPAGAMENTO-21be6b38d29342b1.elb.ca-central-1.amazonaws.com/porto-pay-router/v1/regras/{id}",
          "responses" : {
            "default" : {
              "statusCode" : "200"
            },
            "500" : {
              "statusCode" : "500"
            },
            "204" : {
              "statusCode" : "204"
            },
            "404" : {
              "statusCode" : "404"
            }
          },
          "requestParameters" : {
            "integration.request.header.matricula" : "method.request.header.matricula",
            "integration.request.path.id" : "method.request.path.id"
          },
          "passthroughBehavior" : "when_no_match",
          "connectionType" : "VPC_LINK",
          "type" : "http"
        }
      },
      "delete" : {
        "operationId" : "deleteRuleUsingDELETE",
        "parameters" : [ {
          "name" : "matricula",
          "in" : "header",
          "required" : true,
          "type" : "string"
        }, {
          "name" : "rest_correlationId",
          "in" : "header",
          "required" : false,
          "type" : "string"
        }, {
          "name" : "id",
          "in" : "path",
          "required" : true,
          "type" : "string"
        } ],
        "responses" : {
          "200" : {
            "description" : "200 response"
          },
          "410" : {
            "description" : "410 response"
          },
          "500" : {
            "description" : "500 response"
          },
          "401" : {
            "description" : "401 response"
          },
          "403" : {
            "description" : "403 response"
          }
        },
        "x-amazon-apigateway-integration" : {
          "connectionId" : "egpsjq",
          "httpMethod" : "DELETE",
          "uri" : "http://NLB-K8S-MEIOSDEPAGAMENTO-21be6b38d29342b1.elb.ca-central-1.amazonaws.com/porto-pay-router/v1/regras/{id}",
          "responses" : {
            "default" : {
              "statusCode" : "200"
            },
            "410" : {
              "statusCode" : "410"
            },
            "500" : {
              "statusCode" : "500"
            }
          },
          "requestParameters" : {
            "integration.request.header.matricula" : "method.request.header.matricula",
            "integration.request.path.id" : "method.request.path.id"
          },
          "passthroughBehavior" : "when_no_match",
          "connectionType" : "VPC_LINK",
          "type" : "http"
        }
      }
    },
    "/v1/rotas" : {
      "get" : {
        "operationId" : "getAllRouteUsingGET",
        "produces" : [ "application/json" ],
        "parameters" : [ {
          "name" : "matricula",
          "in" : "header",
          "required" : true,
          "type" : "string"
        }, {
          "name" : "rest_correlationId",
          "in" : "header",
          "required" : false,
          "type" : "string"
        } ],
        "responses" : {
          "200" : {
            "description" : "200 response",
            "schema" : {
              "$ref" : "#/definitions/ArrayOfRouteResponse"
            }
          },
          "500" : {
            "description" : "500 response"
          },
          "401" : {
            "description" : "401 response"
          },
          "204" : {
            "description" : "204 response"
          },
          "403" : {
            "description" : "403 response"
          },
          "404" : {
            "description" : "404 response"
          }
        },
        "x-amazon-apigateway-integration" : {
          "connectionId" : "egpsjq",
          "httpMethod" : "GET",
          "uri" : "http://NLB-K8S-MEIOSDEPAGAMENTO-21be6b38d29342b1.elb.ca-central-1.amazonaws.com/porto-pay-router/v1/rotas",
          "responses" : {
            "default" : {
              "statusCode" : "200"
            },
            "500" : {
              "statusCode" : "500"
            },
            "204" : {
              "statusCode" : "204"
            },
            "404" : {
              "statusCode" : "404"
            }
          },
          "requestParameters" : {
            "integration.request.header.matricula" : "method.request.header.matricula"
          },
          "passthroughBehavior" : "when_no_match",
          "connectionType" : "VPC_LINK",
          "type" : "http"
        }
      }
    },
    "/v1/rotas/calculo-rota" : {
      "get" : {
        "operationId" : "getRouteUsingGET",
        "produces" : [ "application/json" ],
        "parameters" : [ {
          "name" : "parcelamento",
          "in" : "query",
          "required" : true,
          "type" : "string"
        }, {
          "name" : "codProduto",
          "in" : "query",
          "required" : true,
          "type" : "string"
        }, {
          "name" : "cartaoPorto",
          "in" : "query",
          "required" : true,
          "type" : "string"
        }, {
          "name" : "matricula",
          "in" : "header",
          "required" : true,
          "type" : "string"
        }, {
          "name" : "rest_correlationId",
          "in" : "header",
          "required" : false,
          "type" : "string"
        }, {
          "name" : "bandeira",
          "in" : "query",
          "required" : true,
          "type" : "string"
        }, {
          "name" : "tipoTransacao",
          "in" : "query",
          "required" : true,
          "type" : "string"
        } ],
        "responses" : {
          "200" : {
            "description" : "200 response",
            "schema" : {
              "$ref" : "#/definitions/CreditCardRoute"
            }
          },
          "500" : {
            "description" : "500 response"
          },
          "401" : {
            "description" : "401 response"
          },
          "204" : {
            "description" : "204 response"
          },
          "403" : {
            "description" : "403 response"
          },
          "404" : {
            "description" : "404 response"
          }
        },
        "x-amazon-apigateway-integration" : {
          "connectionId" : "egpsjq",
          "httpMethod" : "GET",
          "uri" : "http://NLB-K8S-MEIOSDEPAGAMENTO-21be6b38d29342b1.elb.ca-central-1.amazonaws.com/porto-pay-router/v1/rotas/calculo-rota",
          "responses" : {
            "default" : {
              "statusCode" : "200"
            },
            "500" : {
              "statusCode" : "500"
            },
            "204" : {
              "statusCode" : "204"
            },
            "404" : {
              "statusCode" : "404"
            }
          },
          "requestParameters" : {
            "integration.request.header.matricula" : "method.request.header.matricula"
          },
          "passthroughBehavior" : "when_no_match",
          "connectionType" : "VPC_LINK",
          "type" : "http"
        }
      }
    },
    "/v1/rotas/{id}" : {
      "get" : {
        "operationId" : "getRouteByIdUsingGET",
        "produces" : [ "application/json" ],
        "parameters" : [ {
          "name" : "matricula",
          "in" : "header",
          "required" : true,
          "type" : "string"
        }, {
          "name" : "rest_correlationId",
          "in" : "header",
          "required" : false,
          "type" : "string"
        }, {
          "name" : "id",
          "in" : "path",
          "required" : true,
          "type" : "string"
        } ],
        "responses" : {
          "200" : {
            "description" : "200 response",
            "schema" : {
              "$ref" : "#/definitions/RouteResponse"
            }
          },
          "500" : {
            "description" : "500 response"
          },
          "401" : {
            "description" : "401 response"
          },
          "204" : {
            "description" : "204 response"
          },
          "403" : {
            "description" : "403 response"
          }
        },
        "x-amazon-apigateway-integration" : {
          "connectionId" : "egpsjq",
          "httpMethod" : "GET",
          "uri" : "http://NLB-K8S-MEIOSDEPAGAMENTO-21be6b38d29342b1.elb.ca-central-1.amazonaws.com/porto-pay-router/v1/rotas/{id}",
          "responses" : {
            "default" : {
              "statusCode" : "200"
            },
            "500" : {
              "statusCode" : "500"
            },
            "204" : {
              "statusCode" : "204"
            }
          },
          "requestParameters" : {
            "integration.request.header.matricula" : "method.request.header.matricula",
            "integration.request.path.id" : "method.request.path.id"
          },
          "passthroughBehavior" : "when_no_match",
          "connectionType" : "VPC_LINK",
          "type" : "http"
        }
      },
      "delete" : {
        "operationId" : "deleteRouteUsingDELETE",
        "parameters" : [ {
          "name" : "matricula",
          "in" : "header",
          "required" : true,
          "type" : "string"
        }, {
          "name" : "rest_correlationId",
          "in" : "header",
          "required" : false,
          "type" : "string"
        }, {
          "name" : "id",
          "in" : "path",
          "required" : true,
          "type" : "string"
        } ],
        "responses" : {
          "200" : {
            "description" : "200 response"
          },
          "410" : {
            "description" : "410 response"
          },
          "500" : {
            "description" : "500 response"
          },
          "401" : {
            "description" : "401 response"
          },
          "204" : {
            "description" : "204 response"
          },
          "403" : {
            "description" : "403 response"
          }
        },
        "x-amazon-apigateway-integration" : {
          "connectionId" : "egpsjq",
          "httpMethod" : "DELETE",
          "uri" : "http://NLB-K8S-MEIOSDEPAGAMENTO-21be6b38d29342b1.elb.ca-central-1.amazonaws.com/porto-pay-router/v1/rotas/{id}",
          "responses" : {
            "default" : {
              "statusCode" : "200"
            },
            "410" : {
              "statusCode" : "410"
            },
            "500" : {
              "statusCode" : "500"
            },
            "204" : {
              "statusCode" : "204"
            }
          },
          "requestParameters" : {
            "integration.request.header.matricula" : "method.request.header.matricula",
            "integration.request.path.id" : "method.request.path.id"
          },
          "passthroughBehavior" : "when_no_match",
          "connectionType" : "VPC_LINK",
          "type" : "http"
        }
      }
    },
    "/v1/transacao" : {
      "get" : {
        "operationId" : "getAllUsingGET_4",
        "produces" : [ "application/json" ],
        "parameters" : [ {
          "name" : "matricula",
          "in" : "header",
          "required" : true,
          "type" : "string"
        }, {
          "name" : "rest_correlationId",
          "in" : "header",
          "required" : false,
          "type" : "string"
        } ],
        "responses" : {
          "200" : {
            "description" : "200 response",
            "schema" : {
              "$ref" : "#/definitions/ArrayOfTransactionTypeResponse"
            }
          },
          "500" : {
            "description" : "500 response"
          },
          "401" : {
            "description" : "401 response"
          },
          "204" : {
            "description" : "204 response"
          },
          "403" : {
            "description" : "403 response"
          }
        },
        "x-amazon-apigateway-integration" : {
          "connectionId" : "egpsjq",
          "httpMethod" : "GET",
          "uri" : "http://NLB-K8S-MEIOSDEPAGAMENTO-21be6b38d29342b1.elb.ca-central-1.amazonaws.com/porto-pay-router/v1/transacao",
          "responses" : {
            "default" : {
              "statusCode" : "200"
            },
            "500" : {
              "statusCode" : "500"
            },
            "204" : {
              "statusCode" : "204"
            }
          },
          "requestParameters" : {
            "integration.request.header.matricula" : "method.request.header.matricula"
          },
          "passthroughBehavior" : "when_no_match",
          "connectionType" : "VPC_LINK",
          "type" : "http"
        }
      },
      "post" : {
        "operationId" : "postTransactionUsingPOST",
        "consumes" : [ "application/json" ],
        "produces" : [ "application/json" ],
        "parameters" : [ {
          "name" : "matricula",
          "in" : "header",
          "required" : true,
          "type" : "string"
        }, {
          "name" : "rest_correlationId",
          "in" : "header",
          "required" : false,
          "type" : "string"
        }, {
          "in" : "body",
          "name" : "TransactionType",
          "required" : true,
          "schema" : {
            "$ref" : "#/definitions/TransactionType"
          }
        } ],
        "responses" : {
          "201" : {
            "description" : "201 response",
            "schema" : {
              "$ref" : "#/definitions/TransactionTypeResponse"
            }
          },
          "500" : {
            "description" : "500 response"
          },
          "401" : {
            "description" : "401 response"
          },
          "403" : {
            "description" : "403 response"
          },
          "404" : {
            "description" : "404 response"
          },
          "409" : {
            "description" : "409 response"
          }
        },
        "x-amazon-apigateway-integration" : {
          "connectionId" : "egpsjq",
          "httpMethod" : "POST",
          "uri" : "http://NLB-K8S-MEIOSDEPAGAMENTO-21be6b38d29342b1.elb.ca-central-1.amazonaws.com/porto-pay-router/v1/transacao",
          "responses" : {
            "default" : {
              "statusCode" : "201"
            },
            "500" : {
              "statusCode" : "500"
            },
            "404" : {
              "statusCode" : "404"
            },
            "409" : {
              "statusCode" : "409"
            }
          },
          "requestParameters" : {
            "integration.request.header.matricula" : "method.request.header.matricula"
          },
          "passthroughBehavior" : "when_no_match",
          "connectionType" : "VPC_LINK",
          "type" : "http"
        }
      },
      "put" : {
        "operationId" : "putTransactionUsingPUT",
        "consumes" : [ "application/json" ],
        "produces" : [ "application/json" ],
        "parameters" : [ {
          "name" : "matricula",
          "in" : "header",
          "required" : true,
          "type" : "string"
        }, {
          "name" : "rest_correlationId",
          "in" : "header",
          "required" : false,
          "type" : "string"
        }, {
          "in" : "body",
          "name" : "TransactionType",
          "required" : true,
          "schema" : {
            "$ref" : "#/definitions/TransactionType"
          }
        } ],
        "responses" : {
          "200" : {
            "description" : "200 response",
            "schema" : {
              "$ref" : "#/definitions/TransactionTypeResponse"
            }
          },
          "410" : {
            "description" : "410 response"
          },
          "500" : {
            "description" : "500 response"
          },
          "401" : {
            "description" : "401 response"
          },
          "403" : {
            "description" : "403 response"
          }
        },
        "x-amazon-apigateway-integration" : {
          "connectionId" : "egpsjq",
          "httpMethod" : "PUT",
          "uri" : "http://NLB-K8S-MEIOSDEPAGAMENTO-21be6b38d29342b1.elb.ca-central-1.amazonaws.com/porto-pay-router/v1/transacao",
          "responses" : {
            "default" : {
              "statusCode" : "200"
            },
            "410" : {
              "statusCode" : "410"
            },
            "500" : {
              "statusCode" : "500"
            }
          },
          "requestParameters" : {
            "integration.request.header.matricula" : "method.request.header.matricula"
          },
          "passthroughBehavior" : "when_no_match",
          "connectionType" : "VPC_LINK",
          "type" : "http"
        }
      }
    },
    "/v1/transacao/{id}" : {
      "get" : {
        "operationId" : "getTransactionByIdUsingGET",
        "produces" : [ "application/json" ],
        "parameters" : [ {
          "name" : "matricula",
          "in" : "header",
          "required" : true,
          "type" : "string"
        }, {
          "name" : "rest_correlationId",
          "in" : "header",
          "required" : false,
          "type" : "string"
        }, {
          "name" : "id",
          "in" : "path",
          "required" : true,
          "type" : "string"
        } ],
        "responses" : {
          "200" : {
            "description" : "200 response",
            "schema" : {
              "$ref" : "#/definitions/TransactionTypeResponse"
            }
          },
          "500" : {
            "description" : "500 response"
          },
          "401" : {
            "description" : "401 response"
          },
          "204" : {
            "description" : "204 response"
          },
          "403" : {
            "description" : "403 response"
          }
        },
        "x-amazon-apigateway-integration" : {
          "connectionId" : "egpsjq",
          "httpMethod" : "GET",
          "uri" : "http://NLB-K8S-MEIOSDEPAGAMENTO-21be6b38d29342b1.elb.ca-central-1.amazonaws.com/porto-pay-router/v1/transacao/{id}",
          "responses" : {
            "default" : {
              "statusCode" : "200"
            },
            "500" : {
              "statusCode" : "500"
            },
            "204" : {
              "statusCode" : "204"
            }
          },
          "requestParameters" : {
            "integration.request.header.matricula" : "method.request.header.matricula",
            "integration.request.path.id" : "method.request.path.id"
          },
          "passthroughBehavior" : "when_no_match",
          "connectionType" : "VPC_LINK",
          "type" : "http"
        }
      },
      "delete" : {
        "operationId" : "deleteTransactionUsingDELETE",
        "parameters" : [ {
          "name" : "matricula",
          "in" : "header",
          "required" : true,
          "type" : "string"
        }, {
          "name" : "rest_correlationId",
          "in" : "header",
          "required" : false,
          "type" : "string"
        }, {
          "name" : "id",
          "in" : "path",
          "required" : true,
          "type" : "string"
        } ],
        "responses" : {
          "200" : {
            "description" : "200 response"
          },
          "410" : {
            "description" : "410 response"
          },
          "500" : {
            "description" : "500 response"
          },
          "401" : {
            "description" : "401 response"
          },
          "204" : {
            "description" : "204 response"
          },
          "403" : {
            "description" : "403 response"
          },
          "409" : {
            "description" : "409 response"
          }
        },
        "x-amazon-apigateway-integration" : {
          "connectionId" : "egpsjq",
          "httpMethod" : "DELETE",
          "uri" : "http://NLB-K8S-MEIOSDEPAGAMENTO-21be6b38d29342b1.elb.ca-central-1.amazonaws.com/porto-pay-router/v1/transacao/{id}",
          "responses" : {
            "default" : {
              "statusCode" : "200"
            },
            "410" : {
              "statusCode" : "410"
            },
            "500" : {
              "statusCode" : "500"
            },
            "204" : {
              "statusCode" : "204"
            },
            "409" : {
              "statusCode" : "409"
            }
          },
          "requestParameters" : {
            "integration.request.header.matricula" : "method.request.header.matricula",
            "integration.request.path.id" : "method.request.path.id"
          },
          "passthroughBehavior" : "when_no_match",
          "connectionType" : "VPC_LINK",
          "type" : "http"
        }
      }
    }
  },
  "definitions" : {
    "ArrayOfGatewayResponse" : {
      "type" : "array",
      "items" : {
        "$ref" : "#/definitions/GatewayResponse"
      }
    },
    "GatewayStoreResponse" : {
      "type" : "object",
      "properties" : {
        "ativo" : {
          "type" : "boolean"
        },
        "codGateway" : {
          "type" : "string"
        },
        "codLojaGateway" : {
          "type" : "string"
        },
        "historico" : {
          "type" : "array",
          "items" : {
            "$ref" : "#/definitions/HistoricalDTO"
          }
        },
        "id" : {
          "type" : "string"
        },
        "listaChavesLojaGateway" : {
          "type" : "array",
          "items" : {
            "$ref" : "#/definitions/KeyGatewayStore"
          }
        },
        "nome" : {
          "type" : "string"
        },
        "nomeGateway" : {
          "type" : "string"
        }
      },
      "title" : "GatewayStoreResponse"
    },
    "TransactionType" : {
      "type" : "object",
      "properties" : {
        "ativo" : {
          "type" : "boolean"
        },
        "id" : {
          "type" : "string"
        },
        "nome" : {
          "type" : "string"
        }
      },
      "title" : "TransactionType"
    },
    "GatewayStore" : {
      "type" : "object",
      "properties" : {
        "ativo" : {
          "type" : "boolean"
        },
        "codGateway" : {
          "type" : "string"
        },
        "codLojaGateway" : {
          "type" : "string"
        },
        "id" : {
          "type" : "string"
        },
        "listaChavesLojaGateway" : {
          "type" : "array",
          "items" : {
            "$ref" : "#/definitions/KeyGatewayStore"
          }
        },
        "nome" : {
          "type" : "string"
        },
        "nomeGateway" : {
          "type" : "string"
        }
      },
      "title" : "GatewayStore"
    },
    "RuleResponse" : {
      "type" : "object",
      "properties" : {
        "ativo" : {
          "type" : "boolean"
        },
        "bandeira" : {
          "type" : "array",
          "items" : {
            "type" : "string"
          }
        },
        "codEstabelecimento" : {
          "type" : "string"
        },
        "codProduto" : {
          "type" : "string"
        },
        "force" : {
          "type" : "boolean"
        },
        "historico" : {
          "type" : "array",
          "items" : {
            "$ref" : "#/definitions/HistoricalDTO"
          }
        },
        "id" : {
          "type" : "string"
        },
        "idRota" : {
          "type" : "string"
        },
        "parcelamentoMaximo" : {
          "type" : "integer",
          "format" : "int32"
        },
        "parcelamentoMinimo" : {
          "type" : "integer",
          "format" : "int32"
        },
        "tipoTransacao" : {
          "type" : "array",
          "items" : {
            "type" : "string"
          }
        }
      },
      "title" : "RuleResponse"
    },
    "HistoricalDTO" : {
      "type" : "object",
      "properties" : {
        "dataModificacao" : {
          "type" : "string",
          "format" : "date-time"
        },
        "de" : {
          "type" : "string"
        },
        "matricula" : {
          "type" : "string"
        },
        "para" : {
          "type" : "string"
        }
      },
      "title" : "HistoricalDTO"
    },
    "KeyGatewayStore" : {
      "type" : "object",
      "properties" : {
        "chaveLojaGateway" : {
          "type" : "string"
        },
        "idAdquirente" : {
          "type" : "string"
        },
        "nomeAdquirente" : {
          "type" : "string"
        }
      },
      "title" : "KeyGatewayStore"
    },
    "EstablishmentResponse" : {
      "type" : "object",
      "properties" : {
        "aceitaPreAutorizacao" : {
          "type" : "boolean"
        },
        "aceitaZeroDollar" : {
          "type" : "boolean"
        },
        "ativo" : {
          "type" : "boolean"
        },
        "codAdquirente" : {
          "type" : "string"
        },
        "codGateway" : {
          "type" : "string"
        },
        "codLojaGateway" : {
          "type" : "string"
        },
        "codProduto" : {
          "type" : "string"
        },
        "estabelecimentoComercial" : {
          "type" : "string"
        },
        "force" : {
          "type" : "boolean"
        },
        "historico" : {
          "type" : "array",
          "items" : {
            "$ref" : "#/definitions/HistoricalDTO"
          }
        },
        "id" : {
          "type" : "string"
        },
        "identificadorAdquirente" : {
          "type" : "string"
        }
      },
      "title" : "EstablishmentResponse"
    },
    "TransactionTypeResponse" : {
      "type" : "object",
      "properties" : {
        "ativo" : {
          "type" : "boolean"
        },
        "historico" : {
          "type" : "array",
          "items" : {
            "$ref" : "#/definitions/HistoricalDTO"
          }
        },
        "id" : {
          "type" : "string"
        },
        "nome" : {
          "type" : "string"
        }
      },
      "title" : "TransactionTypeResponse"
    },
    "ArrayOfEstablishmentResponse" : {
      "type" : "array",
      "items" : {
        "$ref" : "#/definitions/EstablishmentResponse"
      }
    },
    "ArrayOfRuleResponse" : {
      "type" : "array",
      "items" : {
        "$ref" : "#/definitions/RuleResponse"
      }
    },
    "Gateway" : {
      "type" : "object",
      "properties" : {
        "ativo" : {
          "type" : "boolean"
        },
        "id" : {
          "type" : "string"
        },
        "idLojaObrigatorio" : {
          "type" : "boolean"
        },
        "nome" : {
          "type" : "string"
        }
      },
      "title" : "Gateway"
    },
    "Acquirer" : {
      "type" : "object",
      "properties" : {
        "ativo" : {
          "type" : "boolean"
        },
        "id" : {
          "type" : "string"
        },
        "nome" : {
          "type" : "string"
        }
      },
      "title" : "Acquirer"
    },
    "RouteResponse" : {
      "type" : "object",
      "properties" : {
        "acquirer" : {
          "type" : "string"
        },
        "codLojaGateway" : {
          "type" : "string"
        },
        "establishmentCode" : {
          "type" : "string"
        },
        "gatewayCode" : {
          "type" : "string"
        },
        "gatewayName" : {
          "type" : "string"
        },
        "gatewayStoreName" : {
          "type" : "string"
        },
        "id" : {
          "type" : "string"
        },
        "keyGatewayStore" : {
          "type" : "string"
        }
      },
      "title" : "RouteResponse"
    },
    "GatewayResponse" : {
      "type" : "object",
      "properties" : {
        "ativo" : {
          "type" : "boolean"
        },
        "historico" : {
          "type" : "array",
          "items" : {
            "$ref" : "#/definitions/HistoricalDTO"
          }
        },
        "id" : {
          "type" : "string"
        },
        "idLojaObrigatorio" : {
          "type" : "boolean"
        },
        "nome" : {
          "type" : "string"
        }
      },
      "title" : "GatewayResponse"
    },
    "ArrayOfCardResponse" : {
      "type" : "array",
      "items" : {
        "$ref" : "#/definitions/CardResponse"
      }
    },
    "ArrayOfTransactionTypeResponse" : {
      "type" : "array",
      "items" : {
        "$ref" : "#/definitions/TransactionTypeResponse"
      }
    },
    "Error" : {
      "type" : "object",
      "properties" : {
        "message" : {
          "type" : "string"
        }
      },
      "title" : "Error Schema"
    },
    "Establishment" : {
      "type" : "object",
      "properties" : {
        "aceitaPreAutorizacao" : {
          "type" : "boolean"
        },
        "aceitaZeroDollar" : {
          "type" : "boolean"
        },
        "ativo" : {
          "type" : "boolean"
        },
        "codAdquirente" : {
          "type" : "string"
        },
        "codGateway" : {
          "type" : "string"
        },
        "codLojaGateway" : {
          "type" : "string"
        },
        "codProduto" : {
          "type" : "string"
        },
        "estabelecimentoComercial" : {
          "type" : "string"
        },
        "force" : {
          "type" : "boolean"
        },
        "id" : {
          "type" : "string"
        },
        "identificadorAdquirente" : {
          "type" : "string"
        }
      },
      "title" : "Establishment"
    },
    "Card" : {
      "type" : "object",
      "properties" : {
        "ativo" : {
          "type" : "boolean"
        },
        "codBandeira" : {
          "type" : "string"
        },
        "nome" : {
          "type" : "string"
        }
      },
      "title" : "Card"
    },
    "ArrayOfGatewayStoreResponse" : {
      "type" : "array",
      "items" : {
        "$ref" : "#/definitions/GatewayStoreResponse"
      }
    },
    "CardResponse" : {
      "type" : "object",
      "properties" : {
        "ativo" : {
          "type" : "boolean"
        },
        "codBandeira" : {
          "type" : "string"
        },
        "historico" : {
          "type" : "array",
          "items" : {
            "$ref" : "#/definitions/HistoricalDTO"
          }
        },
        "nome" : {
          "type" : "string"
        }
      },
      "title" : "CardResponse"
    },
    "ArrayOfRouteResponse" : {
      "type" : "array",
      "items" : {
        "$ref" : "#/definitions/RouteResponse"
      }
    },
    "AcquirerResponse" : {
      "type" : "object",
      "properties" : {
        "ativo" : {
          "type" : "boolean"
        },
        "historico" : {
          "type" : "array",
          "items" : {
            "$ref" : "#/definitions/HistoricalDTO"
          }
        },
        "id" : {
          "type" : "string"
        },
        "nome" : {
          "type" : "string"
        }
      },
      "title" : "AcquirerResponse"
    },
    "ArrayOfAcquirerResponse" : {
      "type" : "array",
      "items" : {
        "$ref" : "#/definitions/AcquirerResponse"
      }
    },
    "CreditCardRoute" : {
      "type" : "object",
      "properties" : {
        "chaveLojaGateway" : {
          "type" : "string"
        },
        "codEstabelecimento" : {
          "type" : "string"
        },
        "codLojaGateway" : {
          "type" : "string"
        },
        "gateway" : {
          "type" : "string"
        },
        "id" : {
          "type" : "string"
        },
        "identificadorAdquirente" : {
          "type" : "string"
        }
      },
      "title" : "CreditCardRoute"
    },
    "ArrayOfRule" : {
      "type" : "array",
      "items" : {
        "$ref" : "#/definitions/Rule"
      }
    },
    "Rule" : {
      "type" : "object",
      "properties" : {
        "ativo" : {
          "type" : "boolean"
        },
        "bandeira" : {
          "type" : "array",
          "items" : {
            "type" : "string"
          }
        },
        "codEstabelecimento" : {
          "type" : "string"
        },
        "codProduto" : {
          "type" : "string"
        },
        "force" : {
          "type" : "boolean"
        },
        "id" : {
          "type" : "string"
        },
        "idRota" : {
          "type" : "string"
        },
        "parcelamentoMaximo" : {
          "type" : "integer",
          "format" : "int32"
        },
        "parcelamentoMinimo" : {
          "type" : "integer",
          "format" : "int32"
        },
        "tipoTransacao" : {
          "type" : "array",
          "items" : {
            "type" : "string"
          }
        }
      },
      "title" : "Rule"
    }
  }
}